District,Street,Community,Coordinates,flagC,flagQ
上城,南星,凤凰北苑,"120.180439,30.220756",1,1
上城,南星,凤凰南苑,"120.177642,30.218965",1,1
上城,南星,滨江钱塘印象,"120.187391,30.222832",1,1
上城,南星,闻潮尚庭,"120.187797,30.229953",1,1
上城,南星,凤凰城广场,"120.178484,30.218326",1,1
上城,南星,金色海岸,"119.706174,30.233621",1,1
上城,南星,钱江国际商务中心,"120.175362,30.215801",1,1
上城,南星,海运国际大厦,"120.176563,30.214207",1,1
上城,南星,太和广场,"120.177943,30.214747",1,1
上城,南星,秋涛路,"120.17775,30.22138",1,1
上城,南星,钱江候潮府,"120.22242,30.281974",1,1
上城,南星,春江名苑,"120.192248,30.227163",1,1
上城,南星,滨江金色家园,"120.259168,30.2275",1,1
上城,南星,赞成林风映水苑,"120.190016,30.227595",1,1
上城,南星,康都紫轩,"120.183592,30.228063",1,1
上城,南星,绿城蓝色钱江,"120.196688,30.224441",1,1
上城,南星,秋涛路178号,"120.179018,30.221476",1,1
上城,南星,望江府,"120.258815,30.39822",1,1
上城,南星,水岸枫庭,"120.250532,30.375683",1,1
上城,南星,钱江御府,"120.182326,30.226009",1,1
上城,南星,赞成林风和风苑,"120.248421,30.387209",1,1
上城,南星,木材新村,"120.179318,30.221831",1,1
上城,南星,赞成林风沁林苑,"120.19122,30.226505",1,1
上城,南星,新绿园,"119.943526,30.271261",1,1
上城,南星,春江花月,"120.18183,30.216406",1,1
上城,南星,金隅学府,"120.181069,30.224038",1,1
上城,南星,秋涛南苑,"120.178445,30.220863",1,1
上城,南星,阳光海岸,"120.194081,30.22287",1,1
上城,闸弄口 ,万家花园万和苑,"120.20542,30.286064",1,1
上城,闸弄口 ,闸弄口铁路宿舍,"120.194251,30.277921",1,1
上城,闸弄口 ,万家花园欣和苑,"120.203024,30.285271",1,1
上城,闸弄口 ,闸弄口新苑,"120.197143,30.279106",1,1
上城,闸弄口 ,红树林花园,"120.189179,30.283116",1,1
上城,闸弄口 ,闸弄口东村,"120.192259,30.277223",1,1
上城,闸弄口 ,机神公寓,"120.190673,30.281168",1,1
上城,闸弄口 ,新安铭苑,"120.188049,30.281936",1,1
上城,闸弄口 ,东茂苑,"120.192569,30.281572",1,1
上城,闸弄口 ,文晖铭园,"120.18625,30.282639",1,1
上城,闸弄口 ,天城铭园,"120.185704,30.281271",1,1
上城,闸弄口 ,机场路里街,"120.190981,30.289108",1,1
上城,闸弄口 ,天晖铭园,"120.18624,30.280388",1,1
上城,闸弄口 ,紫薇公寓,"120.187238,30.279632",1,1
上城,闸弄口 ,京惠花园,"120.189746,30.277574",1,1
上城,闸弄口 ,濮家新村,"120.195378,30.283037",1,1
上城,闸弄口 ,天运花园,"120.201328,30.283729",1,1
上城,闸弄口 ,闸弄口新村,"120.192709,30.276051",1,1
上城,闸弄口 ,机神新村,"120.193341,30.283292",1,1
上城,闸弄口 ,濮家东村,"120.200355,30.284738",1,1
上城,闸弄口 ,万家花园家和苑,"120.205431,30.285016",1,1
上城,闸弄口 ,机场路24-4号,"120.192175,30.287735",1,1
上城,半山,成功时大大厦,"120.200614,30.353854",1,1
上城,半山,杭钢西苑,"120.186255,30.373654",1,1
上城,半山,万科智谷,"120.162861,30.331719",1,1
上城,半山,水韵康桥康泽苑,"120.132472,30.368977",1,1
上城,半山,半山路,"120.190623,30.352347",1,1
上城,半山,水韵康桥康锦苑,"120.13255,30.37172",1,1
上城,半山,水韵康桥康盛苑,"120.137061,30.369817",1,1
上城,半山,电炉生活区,"120.185307,30.373693",1,1
上城,半山,杭钢北苑,"120.184115,30.350898",1,1
上城,半山,半山家苑,"120.18624,30.348563",1,1
上城,半山,美麓美座,"120.186687,30.349359",1,1
上城,半山,杭钢南苑,"120.183203,30.348395",1,1
上城,半山,宁和弄,"120.18865,30.35223",1,1
上城,半山,田园公寓,"120.189761,30.350727",1,1
上城,半山,明园路,"120.187072,30.349753",1,1
上城,半山,平安雅苑,"120.093586,30.441731",1,1
上城,半山,金星桃源居,"120.175976,30.346658",1,1
上城,半山,依锦苑,"120.198874,30.352118",1,1
上城,半山,田园河畔居,"120.188918,30.349089",1,1
上城,半山,阔板桥社区,"120.182526,30.345473",1,1
上城,半山,金典家园,"120.186809,30.34836",1,1
上城,半山,康馨苑,"120.146528,30.356147",1,1
上城,半山,金隅田员外,"120.195667,30.353045",1,1
上城,半山,袁家新院,"120.173382,30.343051",1,1
上城,半山,瓜山佳苑,"120.148951,30.339841",1,1
上城,半山,建工路1号,"120.193609,30.350394",1,1
上城,半山,朗诗田园绿郡,"120.197459,30.351349",1,1
上城,半山,田园牧歌风禾苑,"120.199194,30.353665",1,1
上城,半山,大家运河之星,"120.139066,30.371536",1,1
上城,半山,宋都香悦郡,"120.174084,30.343397",1,1
上城,半山,广宇锦绣桃源,"120.172366,30.345409",1,1
上城,半山,广宇万科公园里,"120.175828,30.008985",1,1
上城,半山,田园牧歌揽翠苑,"120.207473,30.35922",1,1
上城,半山,田园牧歌听泉苑,"120.201959,30.357099",1,1
上城,半山,首开望宸,"120.204845,30.355493",1,1
上城,半山,中兴御田清庭,"120.206316,30.36058",1,1
上城,半山,杭钢尚堂府,"120.150808,30.333091",1,1
上城,半山,田园牧歌麓云苑,"120.197602,30.3557",1,1
上城,半山,联合畔上居,"120.20337,30.357595",1,1
上城,半山,招商远洋春秋华庭,"120.163542,30.335219",1,1
上城,半山,上塘宸章,"119.704501,29.765873",1,1
拱墅,长庆,凤起商务大厦,"120.178343,30.264147",1,1
拱墅,长庆,嘉德广场,"120.172633,30.258518",1,1
拱墅,长庆,长庆街,"120.17486,30.260407",1,1
拱墅,长庆,池塘巷5号,"120.173481,30.262094",1,1
拱墅,长庆,太平桥横街,"119.938601,30.048752",1,1
拱墅,长庆,富润里,"120.177582,30.261266",1,1
拱墅,长庆,东清巷,"120.178613,30.261259",1,1
拱墅,长庆,东清大厦,"120.177405,30.258344",1,1
拱墅,长庆,双眼井巷,"120.177397,30.262765",1,1
拱墅,长庆,吴牙新村,"120.175592,30.259452",1,1
拱墅,长庆,天安假日公寓,"120.178878,30.263788",1,1
拱墅,长庆,水陆寺巷,"120.177438,30.259274",1,1
拱墅,长庆,柳营巷,"120.173843,30.261557",1,1
拱墅,长庆,青云街,"120.171897,30.263536",1,1
拱墅,长庆,石匠弄,"120.17477,30.263104",1,1
拱墅,长庆,长宁街,"120.172131,30.260263",1,1
拱墅,长庆,池塘巷9号,"120.173538,30.262163",1,1
拱墅,长庆,林司后,"120.175103,30.26411",1,1
拱墅,长庆,新华路小区,"120.176294,30.263989",1,1
拱墅,长庆,横燕子弄,"120.176837,30.261176",1,1
拱墅,长庆,青春坊,"120.174528,30.259435",1,1
拱墅,长庆,三圣巷,"120.28235,30.331421",1,1
拱墅,长庆,威乙巷,"120.175316,30.264026",1,1
拱墅,长庆,柏枝巷,"120.17739,30.258847",1,1
拱墅,长庆,王马巷,"120.177679,30.260284",1,1
拱墅,长庆,遥祥寺巷,"120.177977,30.261744",1,1
拱墅,长庆,海狮沟,"120.178386,30.260702",1,1
拱墅,长庆,洑家弄,"120.175318,30.26428",1,1
拱墅,长庆,凤起都市花园,"120.17806,30.263337",1,1
拱墅,长庆,池塘巷4号,"120.173977,30.26258",1,1
拱墅,长庆,柳营花园西区,"120.173191,30.261027",1,1
拱墅,长庆,柳营花园东区,"120.17456,30.261087",1,1
拱墅,长庆,丽景西苑,"120.178929,30.262156",1,1
拱墅,长庆,金庆公寓,"120.178899,30.259357",1,1
拱墅,朝晖,领骏世界,"120.168241,30.291377",1,1
拱墅,朝晖,国都发展大厦,"120.169307,30.277275",1,1
拱墅,朝晖,德胜新村南,"120.161879,30.295116",1,1
拱墅,朝晖,东新关,"120.163964,30.296009",1,1
拱墅,朝晖,朝晖九区,"120.156359,30.28916",1,1
拱墅,朝晖,朝晖八区,"120.159861,30.291025",1,1
拱墅,朝晖,朝晖二区,"120.170943,30.283304",1,1
拱墅,朝晖,东方豪园,"120.230573,30.367344",1,1
拱墅,朝晖,石灰坝8号,"120.160352,30.292163",1,1
拱墅,朝晖,中山花园,"120.166994,30.275952",1,1
拱墅,朝晖,朝晖五区,"120.162432,30.288085",1,1
拱墅,朝晖,朝晖四区,"120.170151,30.286546",1,1
拱墅,朝晖,庆晖公寓,"120.156767,30.286725",1,1
拱墅,朝晖,朝晖新城,"120.166605,30.28261",1,1
拱墅,朝晖,朝晖七区,"120.158682,30.287338",1,1
拱墅,朝晖,浙江工业大学教师宿舍,"120.16947,30.293126",1,1
拱墅,朝晖,石灰坝25号,"120.160352,30.292163",1,1
拱墅,朝晖,东新桥,"120.166542,30.295206",1,1
拱墅,朝晖,秋水巷,"120.16847,30.277132",1,1
拱墅,朝晖,文晖苑,"120.164262,30.281322",1,1
拱墅,朝晖,朝晖三区,"120.163508,30.285057",1,1
拱墅,朝晖,石灰坝24号,"120.160352,30.292163",1,1
拱墅,朝晖,朝晖一区,"120.166605,30.28261",1,1
拱墅,朝晖,中北西子花园,"120.16654,30.2789",1,1
拱墅,朝晖,朝晖六区,"120.168003,30.288908",1,1
拱墅,朝晖,黎明园,"120.163214,30.282682",1,1
拱墅,朝晖,长板里,"120.155649,30.29063",1,1
拱墅,朝晖,西湖新城,"120.166129,30.278421",1,1
拱墅,朝晖,潮王公寓,"120.170465,30.291107",1,1
拱墅,朝晖,潮王人家,"120.160426,30.289813",1,1
拱墅,朝晖,朝晖路184号,"120.16847,30.277132",1,1
拱墅,朝晖,远大花园,"120.154416,30.291095",1,1
拱墅,朝晖,中山北路601号,"120.165161,30.278467",1,1
拱墅,朝晖,天盛居,"120.156362,30.290076",1,1
拱墅,朝晖,中山北路小区,"120.167978,30.266113",1,1
拱墅,朝晖,中北花园,"120.167186,30.278024",1,1
拱墅,朝晖,中山北园,"120.166278,30.278124",1,1
拱墅,朝晖,华东园,"120.162121,30.29",1,1
拱墅,朝晖,青园小区,"120.162432,30.288085",1,1
拱墅,朝晖,通盛嘉苑,"120.16748,30.280324",1,1
拱墅,朝晖,绿城深蓝广场,"120.169077,30.276375",1,1
拱墅,朝晖,大家武林府,"120.168383,30.279081",1,1
拱墅,朝晖,昆仑公馆,"120.165898,30.284672",1,1
拱墅,朝晖,武林外滩,"120.161718,30.282104",1,1
拱墅,潮鸣,凤起路,"120.173111,30.264554",1,1
拱墅,潮鸣,双牛大厦,"120.180144,30.263994",1,1
拱墅,潮鸣,大学路108号,"120.18395,30.252287",1,1
拱墅,潮鸣,环城东路22号,"120.186054,30.250874",1,1
拱墅,潮鸣,长堤明苑,"120.182211,30.260569",1,1
拱墅,潮鸣,联珠里,"120.183723,30.248627",1,1
拱墅,潮鸣,环城东路16号,"120.182882,30.243486",1,1
拱墅,潮鸣,长明寺巷小区,"120.1824,30.248587",1,1
拱墅,潮鸣,建德村,"120.187095,30.258555",1,1
拱墅,潮鸣,马坡巷,"120.184346,30.249493",1,1
拱墅,潮鸣,横河新村,"120.186054,30.250874",1,1
拱墅,潮鸣,清泰街小区,"120.181691,30.247571",1,1
拱墅,潮鸣,潮鸣寺巷,"120.182435,30.260706",1,1
拱墅,潮鸣,长庆里,"120.181868,30.248327",1,1
拱墅,潮鸣,小米巷,"120.183188,30.248202",1,1
拱墅,潮鸣,珠碧一弄12号,"120.18451,30.258921",1,1
拱墅,潮鸣,锅子弄,"120.180511,30.248761",1,1
拱墅,潮鸣,燕子弄,"120.181983,30.257571",1,1
拱墅,潮鸣,醋坊新村,"120.183799,30.259871",1,1
拱墅,潮鸣,石板巷,"120.184255,30.263648",1,1
拱墅,潮鸣,大学路新村,"120.184048,30.25225",1,1
拱墅,潮鸣,马家弄21.22.25号,"120.302212,30.420151",1,1
拱墅,潮鸣,泰和苑,"120.182211,30.260569",1,1
拱墅,潮鸣,华藏寺巷,"120.181361,30.253676",1,1
拱墅,潮鸣,宏盛公寓社区,"120.185963,30.258276",1,1
拱墅,潮鸣,小河下小区,"120.180715,30.251524",1,1
拱墅,潮鸣,老浙大直路11-25号,"120.185157,30.254614",1,1
拱墅,潮鸣,叶家弄,"120.181707,30.256359",1,1
拱墅,潮鸣,长坡里,"120.185339,30.25078",1,1
拱墅,潮鸣,金衙庄公寓,"120.184826,30.250482",1,1
拱墅,潮鸣,建国公寓,"120.1815,30.263347",1,1
拱墅,潮鸣,云龙公寓,"120.184887,30.259758",1,1
拱墅,潮鸣,珠碧苑,"120.183625,30.259487",1,1
拱墅,潮鸣,刀茅巷20-79号,"120.185646,30.259091",1,1
拱墅,潮鸣,老浙大横路一弄,"120.186529,30.253779",1,1
拱墅,潮鸣,回龙庙前小区,"120.184494,30.260881",1,1
拱墅,潮鸣,红枫苑,"120.18123,30.260282",1,1
拱墅,潮鸣,建国中路,"120.18032,30.256874",1,1
拱墅,潮鸣,西泠花苑,"120.182077,30.256975",1,1
拱墅,潮鸣,老浙大横路三弄,"120.183583,30.255063",1,1
拱墅,潮鸣,潮鸣苑,"120.182211,30.260569",1,1
拱墅,潮鸣,回龙庙前51号,"120.183457,30.260575",1,1
拱墅,潮鸣,凤鸣苑,"120.182211,30.260569",1,1
拱墅,潮鸣,米兰公寓,"120.142379,30.299125",1,1
拱墅,潮鸣,凤起苑,"120.182439,30.263783",1,1
拱墅,潮鸣,大学路110号,"120.182955,30.255279",1,1
拱墅,潮鸣,兴和公寓,"120.159415,30.307207",1,1
拱墅,潮鸣,锦花苑,"120.182211,30.260569",1,1
拱墅,潮鸣,高官弄公寓,"120.183501,30.251479",1,1
拱墅,潮鸣,翰林花园,"120.185056,30.256504",1,1
拱墅,潮鸣,中大凤栖花园,"120.18509,30.263167",1,1
拱墅,潮鸣,万安城市花园南苑,"120.210792,30.246026",1,1
拱墅,潮鸣,万安城市花园东苑,"120.180109,30.255959",1,1
拱墅,潮鸣,檀香园,"120.186338,30.254771",1,1
拱墅,潮鸣,大学苑,"120.182211,30.260569",1,1
拱墅,潮鸣,东河锦园,"120.180272,30.260013",1,1
拱墅,潮鸣,瑞丰格林苑,"120.184279,30.253792",1,1
拱墅,潮鸣,丽景苑(下城),"120.182211,30.260569",1,1
拱墅,潮鸣,云龙十一景,"120.181377,30.2596",1,1
拱墅,崇贤,四维金座,"120.140548,30.398737",1,1
拱墅,崇贤,富春运河赋,"120.210792,30.246026",1,1
拱墅,崇贤,水韵四维苑南区,"120.140496,30.37645",1,1
拱墅,崇贤,杭钢紫元旭润和府,"120.204199,30.404567",1,1
拱墅,崇贤,陆家桥新苑,"120.175208,30.382294",1,1
拱墅,崇贤,北秀向阳苑西区,"120.162094,30.375828",1,1
拱墅,崇贤,佳维新苑,"120.14351,30.383588",1,1
拱墅,崇贤,莲花公寓,"120.145604,30.280645",1,1
拱墅,崇贤,星海云庭,"120.173348,30.386493",1,1
拱墅,崇贤,水韵四维苑北区,"120.14133,30.378662",1,1
拱墅,崇贤,北秀向阳苑南区,"120.165443,30.376579",1,1
拱墅,崇贤,龙湖香醍溪岸,"120.233347,30.445972",1,1
拱墅,崇贤,沾桥新苑,"120.148608,30.381304",1,1
拱墅,崇贤,中尚橄榄树花园（北区）,"120.165691,30.384413",1,1
拱墅,崇贤,紫欣华庭,"120.167483,30.382177",1,1
拱墅,崇贤,经纬御贤府,"120.164506,30.380561",1,1
拱墅,崇贤,中尚橄榄树花园（南区）,"120.167938,30.38104",1,1
拱墅,崇贤,君兰华庭,"120.165251,30.383144",1,1
拱墅,崇贤,旭辉府,"119.731953,29.961792",1,1
拱墅,崇贤,中和北宸府,"120.168012,30.378941",1,1
拱墅,崇贤,东晖龙悦湾,"120.243742,30.436119",1,1
拱墅,崇贤,佳源名城,"120.173806,30.380258",1,1
拱墅,崇贤,锦昌年华,"120.169484,30.38194",1,1
拱墅,崇贤,赞成杭家,"120.172549,30.378764",1,1
拱墅,崇贤,上亿中央郡,"120.162651,30.381424",1,1
拱墅,崇贤,香岸华庭,"120.237636,30.442367",1,1
拱墅,崇贤,望梅华庭,"120.240438,30.439894",1,1
拱墅,崇贤,绿都东澜府,"120.161294,30.324962",1,1
拱墅,崇贤,旭辉时代城,"120.162837,30.384121",1,1
拱墅,崇贤,远洋路劲上河宸章,"120.210792,30.246026",1,1
拱墅,崇贤,荣安翡翠半岛,"120.151408,30.381581",1,1
拱墅,崇贤,祥生群贤府,"120.151369,30.384998",1,1
拱墅,大关,大关路268号,"120.153586,30.309765",1,1
拱墅,大关,大关南二苑,"120.156236,30.300103",1,1
拱墅,大关,大关南六苑,"120.160056,30.302006",1,1
拱墅,大关,大关东二苑,"120.157291,30.304124",1,1
拱墅,大关,大关南七苑,"120.154616,30.308532",1,1
拱墅,大关,大关东九苑,"120.155781,30.309719",1,1
拱墅,大关,大关南四苑,"120.156983,30.301824",1,1
拱墅,大关,大关东五苑,"120.155144,30.304195",1,1
拱墅,大关,大关东六苑,"120.154851,30.305651",1,1
拱墅,大关,大关东三苑,"120.156426,30.304471",1,1
拱墅,大关,大关南九苑,"120.159701,30.303677",1,1
拱墅,大关,大关西四苑,"120.153516,30.306473",1,1
拱墅,大关,大关南三苑,"120.159508,30.300343",1,1
拱墅,大关,大关东四苑,"120.157314,30.306103",1,1
拱墅,大关,大关东八苑,"120.15587,30.309021",1,1
拱墅,大关,大关南八苑,"120.152179,30.308117",1,1
拱墅,大关,大关西三苑,"120.153336,30.304671",1,1
拱墅,大关,大关西五苑,"120.153296,30.308844",1,1
拱墅,大关,大关西六苑,"120.1513,30.305853",1,1
拱墅,大关,大关南一苑,"120.1583,30.29912",1,1
拱墅,大关,大关东七苑,"120.154578,30.308145",1,1
拱墅,大关,大关南五苑,"120.160579,30.299835",1,1
拱墅,大关,三塘人家,"120.158532,30.307705",1,1
拱墅,大关,大关西八苑,"120.151874,30.308701",1,1
拱墅,大关,大关西七苑,"120.151508,30.307382",1,1
拱墅,大关,香吉公寓,"120.158394,30.302936",1,1
拱墅,大关,大关东一苑,"120.159319,30.30449",1,1
拱墅,大关,长乐路20弄,"120.147071,30.304434",1,1
拱墅,大关,长乐北苑,"120.148648,30.303869",1,1
拱墅,大关,大关东十苑,"120.154401,30.309505",1,1
拱墅,大关,大浒东苑,"120.150575,30.311647",1,1
拱墅,大关,玉兔路小区,"120.148263,30.304943",1,1
拱墅,大关,霞湾巷小区,"120.148089,30.296798",1,1
拱墅,大关,小兜弄,"120.147786,30.296822",1,1
拱墅,大关,长乐南苑,"120.149404,30.302677",1,1
拱墅,大关,大兜弄,"120.147757,30.297324",1,1
拱墅,大关,八丈井新村,"120.152114,30.29786",1,1
拱墅,大关,香兰名院,"120.149045,30.300989",1,1
拱墅,大关,香积寺巷,"120.160217,30.304253",1,1
拱墅,大关,大兜路,"120.14425,30.301469",1,1
拱墅,大关,绿城西子锦兰公寓,"120.199695,30.300771",1,1
拱墅,德胜,新青年广场,"120.157959,30.2961",1,1
拱墅,德胜,德胜新村,"120.15862,30.296849",1,1
拱墅,德胜,假山路5弄,"120.158864,30.295404",1,1
拱墅,德胜,德胜路318号,"120.152484,30.292447",1,1
拱墅,德胜,德胜巷108号,"120.152672,30.295372",1,1
拱墅,德胜,假山路33号,"120.156747,30.294745",1,1
拱墅,德胜,假山路73号,"120.15453,30.29463",1,1
拱墅,德胜,德胜巷98号,"120.152757,30.294948",1,1
拱墅,德胜,假山新村,"120.154863,30.29629",1,1
拱墅,德胜,天时苑(拱墅),"119.949299,30.068988",1,1
拱墅,德胜,盛德欣苑,"120.15298,30.296129",1,1
拱墅,德胜,清水公寓,"120.152457,30.293903",1,1
拱墅,德胜,盛德嘉苑,"120.156396,30.295548",1,1
拱墅,德胜,蓝色霞湾,"120.153746,30.295354",1,1
拱墅,德胜,上岛公馆,"120.150759,30.295582",1,1
拱墅,德胜,德胜东村,"120.173028,30.297401",1,1
拱墅,德胜,杭锅新村,"120.174914,30.298511",1,1
拱墅,德胜,德欣城市嘉园,"120.177998,30.299259",1,1
拱墅,德胜,杭氧宿舍,"120.177926,30.298187",1,1
拱墅,德胜,新德佳苑,"120.180645,30.300995",1,1
拱墅,德胜,万科新都会1958,"120.183598,30.301662",1,1
拱墅,德胜,朗诗乐府,"120.18432,30.298826",1,1
拱墅,丁桥,柏悦公馆,"120.228495,30.362023",1,1
拱墅,丁桥,置鼎明珠1号,"120.229317,30.351684",1,1
拱墅,丁桥,长睦锦苑,"120.238541,30.36387",1,1
拱墅,丁桥,三义锦唐苑,"120.23261,30.368956",1,1
拱墅,丁桥,后珠辰秀嘉园,"120.242594,30.354016",1,1
拱墅,丁桥,云亭公寓,"120.241925,30.360716",1,1
拱墅,丁桥,丁桥兰苑,"120.235384,30.347196",1,1
拱墅,丁桥,后珠辰秀嘉园南区,"120.242594,30.354016",1,1
拱墅,丁桥,丁桥东兰轩,"120.229247,30.349752",1,1
拱墅,丁桥,丁桥景园南苑,"120.228866,30.352527",1,1
拱墅,丁桥,华天苑,"120.2452,30.362808",1,1
拱墅,丁桥,丁桥景园北苑,"120.228866,30.352527",1,1
拱墅,丁桥,长睦邻里人家西苑,"120.232014,30.358384",1,1
拱墅,丁桥,长睦家苑,"120.234593,30.356081",1,1
拱墅,丁桥,北城枫景园,"120.233612,30.354283",1,1
拱墅,丁桥,后珠美邻嘉苑,"120.24111,30.350482",1,1
拱墅,丁桥,久睦苑,"120.235204,30.363626",1,1
拱墅,丁桥,阳光逸城,"120.238499,30.348799",1,1
拱墅,丁桥,长睦邻里人家东苑,"120.234655,30.358621",1,1
拱墅,丁桥,丁桥家苑,"120.231031,30.348938",1,1
拱墅,丁桥,后珠家苑,"120.235987,30.354856",1,1
拱墅,丁桥,农港苑,"120.238204,30.356158",1,1
拱墅,丁桥,丁桥大唐苑,"120.226528,30.355183",1,1
拱墅,丁桥,建塘家苑,"120.209645,30.346962",1,1
拱墅,丁桥,城发云锦城,"120.231268,30.372113",1,1
拱墅,丁桥,赵家花苑,"120.221388,30.356355",1,1
拱墅,丁桥,保利罗兰香谷,"120.237178,30.372802",1,1
拱墅,丁桥,北城铭苑,"120.23195,30.345697",1,1
拱墅,丁桥,同协雅苑,"120.214155,30.341585",1,1
拱墅,丁桥,郡上蓝湾,"120.226115,30.367544",1,1
拱墅,丁桥,红郡御庄,"120.227885,30.37081",1,1
拱墅,丁桥,郡枫绿园东区,"120.219915,30.34198",1,1
拱墅,丁桥,同协金座,"120.215712,30.340078",1,1
拱墅,丁桥,玺之湾,"120.228505,30.345335",1,1
拱墅,丁桥,丁桥颐景园,"120.228866,30.352527",1,1
拱墅,丁桥,郡枫绿园西区,"120.218099,30.341709",1,1
拱墅,丁桥,联合格里,"120.23605,30.35748",1,1
拱墅,丁桥,天阳观筑,"120.236481,30.358945",1,1
拱墅,丁桥,卓蓝华庭,"120.23941,30.367291",1,1
拱墅,丁桥,广宇上东领地,"120.226822,30.356423",1,1
拱墅,丁桥,广大融城印象,"120.226184,30.357777",1,1
拱墅,丁桥,冠宇隽园,"120.233046,30.351371",1,1
拱墅,丁桥,中豪四季公馆,"120.236752,30.350825",1,1
拱墅,丁桥,广宇上东名筑,"120.224958,30.360404",1,1
拱墅,丁桥,昆仑天籁,"120.236241,30.352985",1,1
拱墅,丁桥,广宇上东臻品,"120.229661,30.357465",1,1
拱墅,丁桥,广宇东承府,"120.22934,30.359955",1,1
拱墅,丁桥,阳光城翡丽湾,"120.205534,30.346769",1,1
拱墅,丁桥,御东方园,"120.163926,30.249892",1,1
拱墅,丁桥,远洋香奈,"120.219801,30.343555",1,1
拱墅,丁桥,天阳明朗,"120.226036,30.358704",1,1
拱墅,丁桥,中旅城仕公馆,"120.216488,30.34655",1,1
拱墅,丁桥,龙湖名景台一期,"120.212911,30.344371",1,1
拱墅,丁桥,龙湖名景台二期,"120.213269,30.346405",1,1
拱墅,丁桥,天阳晴朗,"120.222237,30.354718",1,1
拱墅,拱宸桥,远洋杭州大运河商务区,"120.147841,30.312635",1,1
拱墅,拱宸桥,蚕花园永兴坊,"120.146093,30.330007",1,1
拱墅,拱宸桥,万通中心,"120.146272,30.307683",1,1
拱墅,拱宸桥,上石苑,"120.146489,30.331565",1,1
拱墅,拱宸桥,蚕花园永和坊,"120.146247,30.328876",1,1
拱墅,拱宸桥,蚕花园永庆坊,"120.143899,30.326728",1,1
拱墅,拱宸桥,蚕花园永宁坊,"120.147664,30.329539",1,1
拱墅,拱宸桥,两宜里,"120.141485,30.323458",1,1
拱墅,拱宸桥,蚕花园永安坊,"120.147866,30.32631",1,1
拱墅,拱宸桥,凤亭院,"120.144023,30.317814",1,1
拱墅,拱宸桥,崇庆里,"120.144899,30.321655",1,1
拱墅,拱宸桥,崇盛里,"120.145137,30.323646",1,1
拱墅,拱宸桥,荣华里,"120.14286,30.323284",1,1
拱墅,拱宸桥,舟山东路,"120.147258,30.31617",1,1
拱墅,拱宸桥,胜月院小区,"120.145492,30.316214",1,1
拱墅,拱宸桥,吉庆院,"120.145372,30.317816",1,1
拱墅,拱宸桥,运河东苑,"120.145604,30.313986",1,1
拱墅,拱宸桥,伟华苑小区,"120.155946,30.314692",1,1
拱墅,拱宸桥,普金家园,"120.145033,30.320632",1,1
拱墅,拱宸桥,左岸花园,"120.141078,30.329258",1,1
拱墅,拱宸桥,定海西园,"120.140928,30.326319",1,1
拱墅,拱宸桥,七古登市教委宿舍,"120.150297,30.320498",1,1
拱墅,拱宸桥,裕兴院,"120.143054,30.313995",1,1
拱墅,拱宸桥,绍兴新村,"120.149055,30.313805",1,1
拱墅,拱宸桥,登云阁,"120.141108,30.314424",1,1
拱墅,拱宸桥,金都清宸公寓,"120.146924,30.325239",1,1
拱墅,拱宸桥,定海东园,"120.142463,30.326828",1,1
拱墅,拱宸桥,五洋运河人家,"120.141076,30.31542",1,1
拱墅,拱宸桥,亲仁里,"120.142531,30.320551",1,1
拱墅,拱宸桥,拱宸新苑,"120.143998,30.323697",1,1
拱墅,拱宸桥,嘉兴东路,"120.147177,30.319429",1,1
拱墅,拱宸桥,蔡马人家,"120.147841,30.312635",1,1
拱墅,拱宸桥,大浒西苑,"120.146548,30.311366",1,1
拱墅,拱宸桥,北国之春人家,"120.141211,30.316063",1,1
拱墅,拱宸桥,银河嘉园,"120.143282,30.316259",1,1
拱墅,拱宸桥,隽逸花苑,"120.162816,30.329288",1,1
拱墅,拱宸桥,紫荆家园,"120.143671,30.312025",1,1
拱墅,拱宸桥,正中尚品庭院,"120.143598,30.319699",1,1
拱墅,拱宸桥,中国铁建国际城,"120.15923,30.330169",1,1
拱墅,拱宸桥,锦昌文华苑,"120.141117,30.310472",1,1
拱墅,拱宸桥,望澜府,"120.161294,30.324962",1,1
拱墅,拱宸桥,国樾湾,"120.147258,30.31617",1,1
拱墅,拱宸桥,远洋公馆,"120.141739,30.308159",1,1
拱墅,拱宸桥,传宸府,"120.150924,30.31713",1,1
拱墅,拱宸桥,大家绿城金麟府,"120.148234,30.323082",1,1
拱墅,勾庄,正易国际,"120.086035,30.354784",1,1
拱墅,勾庄,运河锦庭,"120.117605,30.365742",1,1
拱墅,勾庄,逸居城,"120.116199,30.38092",1,1
拱墅,勾庄,上亿彩虹郡,"120.11546,30.376878",1,1
拱墅,勾庄,名城博园,"120.103111,30.375959",1,1
拱墅,勾庄,赞成赞城,"120.103981,30.377872",1,1
拱墅,勾庄,赞成美树,"120.086035,30.354784",1,1
拱墅,勾庄,瑞麒时代金座,"120.086035,30.354784",1,1
拱墅,勾庄,凯喜雅锦河湾,"120.129378,30.350543",1,1
拱墅,勾庄,海德公园,"120.086035,30.354784",1,1
拱墅,勾庄,滨江旭辉万家之星,"120.118209,30.356742",1,1
拱墅,勾庄,万科杭宸一期,"120.116515,30.350916",1,1
拱墅,和睦,长征桥路48弄,"120.140422,30.298779",1,1
拱墅,和睦,和睦南苑,"120.126897,30.307868",1,1
拱墅,和睦,长征桥路42号,"120.140422,30.298779",1,1
拱墅,和睦,华丰新村,"120.127554,30.308421",1,1
拱墅,和睦,和睦新村,"120.124514,30.307406",1,1
拱墅,和睦,明真宫,"120.139745,30.302431",1,1
拱墅,和睦,小河佳苑,"120.129499,30.309609",1,1
拱墅,和睦,庆云居,"120.135329,30.306384",1,1
拱墅,和睦,莫干山路558号,"120.130699,30.304823",1,1
拱墅,和睦,广兴新村,"120.139832,30.300305",1,1
拱墅,和睦,三宝郡庭,"120.127019,30.302582",1,1
拱墅,和睦,和睦院,"120.12671,30.3065",1,1
拱墅,和睦,戴陈弄23号,"120.134997,30.306782",1,1
拱墅,和睦,和新北苑,"120.134144,30.305204",1,1
拱墅,和睦,和睦坊,"120.256589,30.360478",1,1
拱墅,和睦,和新南苑,"120.126897,30.307868",1,1
拱墅,和睦,吉兴公寓,"120.124797,30.310463",1,1
拱墅,和睦,都景公寓,"120.135338,30.303343",1,1
拱墅,和睦,景上公寓,"120.138369,30.30269",1,1
拱墅,和睦,联合世纪新筑,"120.132981,30.303282",1,1
拱墅,和睦,大关公寓,"120.124797,30.310463",1,1
拱墅,和睦,小河直街15号,"120.13596,30.30701",1,1
拱墅,和睦,凯德湖墅,"120.137426,30.304446",1,1
拱墅,和睦,融信公馆arc,"119.967355,30.399931",1,1
拱墅,和睦,首开杭州金茂府,"120.123166,30.298231",1,1
拱墅,和睦,小河直街,"120.135329,30.306384",1,1
拱墅,和睦,滨江锦绣之城,"120.495959,30.307737",1,1
拱墅,和平,野风现代中心,"120.175097,30.289229",1,1
拱墅,和平,野风现代之窗,"120.173486,30.291536",1,1
拱墅,和平,德胜路177号,"120.166816,30.297561",1,1
拱墅,和平,文晖里,"120.173307,30.28274",1,1
拱墅,和平,打铁关新村,"120.17749,30.284085",1,1
拱墅,和平,汇融公寓,"120.179726,30.284135",1,1
拱墅,和平,文晖路106号,"120.165479,30.281032",1,1
拱墅,和平,五里塘苑,"120.173286,30.287683",1,1
拱墅,和平,现代雅苑,"120.17185,30.292849",1,1
拱墅,和平,现代名苑,"119.93697,30.038162",1,1
拱墅,和平,现代景苑,"120.170685,30.294327",1,1
拱墅,和平,现代家园,"119.3964,30.18057",1,1
拱墅,和平,紫庭花园,"120.174384,30.283869",1,1
拱墅,和平,九龙仓君玺,"120.175054,30.284386",1,1
拱墅,华家池,同方国际,"120.199101,30.274966",1,1
拱墅,华家池,艮山西路,"120.194321,30.270342",1,1
拱墅,华家池,凯林巷,"120.192893,30.265098",1,1
拱墅,华家池,金秋花园,"120.199333,30.264659",1,1
拱墅,华家池,农业厅第三住宅区,"120.194321,30.270342",1,1
拱墅,华家池,省水利厅宿舍,"120.198166,30.265981",1,1
拱墅,华家池,凯旋路212号,"120.191546,30.264396",1,1
拱墅,华家池,浙报宿舍,"120.192571,30.264435",1,1
拱墅,华家池,浙江大学华家池校区,"120.19193,30.267574",1,1
拱墅,华家池,南肖埠文景苑,"120.19793,30.261776",1,1
拱墅,华家池,紫玉名府,"120.190722,30.270245",1,1
拱墅,华家池,绿地华家池印,"120.197453,30.2745",1,1
拱墅,华家池,滨江华家池,"120.19141,30.273808",1,1
拱墅,湖滨,中河大厦,"120.22056,30.261486",1,1
拱墅,湖滨,中山中路315号,"120.17024,30.24986",1,1
拱墅,湖滨,仁和大厦,"119.682081,29.781096",1,1
拱墅,湖滨,解放路,"120.165284,30.251429",1,1
拱墅,湖滨,东方金座,"120.488302,30.266406",1,1
拱墅,湖滨,东平巷小区,"120.168644,30.24941",1,1
拱墅,湖滨,光复路小区,"120.170828,30.24872",1,1
拱墅,湖滨,青年里,"120.16276,30.25167",1,1
拱墅,湖滨,中山中路,"120.169787,30.248336",1,1
拱墅,湖滨,定安路37号,"120.16622,30.2451",1,1
拱墅,湖滨,缸儿巷,"120.163603,30.251097",1,1
拱墅,湖滨,中河中路,"120.17224,30.247187",1,1
拱墅,湖滨,羊血弄,"120.169083,30.248409",1,1
拱墅,湖滨,积善坊巷,"120.169786,30.248603",1,1
拱墅,湖滨,定安路130号,"120.166649,30.247123",1,1
拱墅,湖滨,开元路小区,"120.164651,30.252208",1,1
拱墅,湖滨,邮电路,"120.167353,30.251746",1,1
拱墅,湖滨,东羊血弄,"120.169351,30.2482",1,1
拱墅,湖滨,涌金门社区,"120.165237,30.246536",1,1
拱墅,湖滨,解放路213号,"120.169426,30.249911",1,1
拱墅,湖滨,比胜庙巷13号,"120.168558,30.246848",1,1
拱墅,湖滨,比胜庙巷23号,"120.16877,30.24732",1,1
拱墅,湖滨,青年路小区,"120.244146,30.188183",1,1
拱墅,湖滨,青年路42-1号,"120.16871,30.24816",1,1
拱墅,湖滨,鉴衡里,"120.165075,30.247925",1,1
拱墅,湖滨,奎垣巷,"120.168172,30.246496",1,1
拱墅,湖滨,涌金广场聚景阁,"120.162895,30.246443",1,1
拱墅,湖滨,祖庙巷45号,"120.170872,30.256984",1,1
拱墅,湖滨,延定巷,"120.170234,30.256477",1,1
拱墅,湖滨,中山中路460-466号,"120.17003,30.25508",1,1
拱墅,湖滨,浣纱路,"120.165284,30.251429",1,1
拱墅,湖滨,光复路146-186号,"120.17082,30.251082",1,1
拱墅,湖滨,枝头巷7-28号,"120.17105,30.25176",1,1
拱墅,湖滨,比胜庙巷11号,"120.16876,30.24691",1,1
拱墅,湖滨,三元坊巷,"120.169314,30.247071",1,1
拱墅,湖滨,向阳新村,"118.788307,29.722967",1,1
拱墅,湖滨,中山中路312-404号,"120.17046,30.25091",1,1
拱墅,湖滨,宏农里28-30号,"120.169102,30.256981",1,1
拱墅,湖滨,菩提寺路10号,"120.16532,30.257772",1,1
拱墅,湖滨,将军路,"120.164997,30.247441",1,1
拱墅,湖滨,未央村,"120.210792,30.246026",1,1
拱墅,湖滨,宋浇造巷,"120.170882,30.255959",1,1
拱墅,湖滨,仁和里,"120.167443,30.252493",1,1
拱墅,湖滨,邮电路16-38号,"120.16958,30.25197",1,1
拱墅,湖滨,岳王路41号,"120.169116,30.256882",1,1
拱墅,湖滨,蕙宜村,"120.165197,30.257368",1,1
拱墅,湖滨,延庆里6号,"120.171166,30.2572",1,1
拱墅,湖滨,柳营新村,"120.161882,30.248812",1,1
拱墅,湖滨,蕲王路6号,"120.16156,30.25566",1,1
拱墅,湖滨,平海公寓,"120.169364,30.255724",1,1
拱墅,湖滨,崔家巷,"120.169833,30.251092",1,1
拱墅,湖滨,祖庙巷47-51号,"120.170549,30.257158",1,1
拱墅,湖滨,名珏公寓,"120.162548,30.254817",1,1
拱墅,湖滨,长生路小区,"120.200646,30.192718",1,1
拱墅,湖滨,五福里,"119.73623,30.235339",1,1
拱墅,湖滨,元华公寓,"120.162699,30.248855",1,1
拱墅,湖滨,仁和路,"120.165284,30.251429",1,1
拱墅,湖滨,平海路小区,"120.244146,30.188183",1,1
拱墅,湖滨,长生路48号,"120.16102,30.25698",1,1
拱墅,湖滨,绿城元福里,"120.171262,30.246553",1,1
拱墅,火车东站 ,红街天城,"120.208071,30.292243",1,1
拱墅,火车东站 ,恒祺克拉天玺,"120.215018,30.296967",1,1
拱墅,火车东站 ,天庐苑,"120.203613,30.296233",1,1
拱墅,火车东站 ,明桂南苑,"120.204032,30.29256",1,1
拱墅,火车东站 ,明桂苑,"120.204032,30.29256",1,1
拱墅,火车东站 ,明桂北苑,"120.204574,30.296344",1,1
拱墅,火车东站 ,新风丽都北苑,"120.205772,30.291276",1,1
拱墅,火车东站 ,东港嘉苑三区,"120.2118,30.299329",1,1
拱墅,火车东站 ,新风丽都南苑,"120.206459,30.290098",1,1
拱墅,火车东站 ,新和嘉苑,"120.219805,30.29192",1,1
拱墅,火车东站 ,东港嘉苑一区,"120.207375,30.301145",1,1
拱墅,火车东站 ,东港嘉苑二区,"120.210973,30.299904",1,1
拱墅,火车东站 ,红街公寓,"120.206538,30.29408",1,1
拱墅,火车东站 ,新风悦居,"120.196172,30.29888",1,1
拱墅,火车东站 ,时光悦酩公寓,"120.195532,30.30165",1,1
拱墅,火车东站 ,东方尚城东区,"120.199791,30.30304",1,1
拱墅,火车东站 ,天城府,"120.197587,30.29697",1,1
拱墅,火车东站 ,锦润公寓,"120.201222,30.300983",1,1
拱墅,火车东站 ,东方尚城西区,"120.198191,30.302088",1,1
拱墅,火车东站 ,滨江曙光之城,"120.207546,30.30414",1,1
拱墅,火车东站 ,东方尚城南区,"120.198254,30.301351",1,1
拱墅,火车东站 ,紫玉福邸,"120.199704,30.296439",1,1
拱墅,笕桥 ,杭州明石商业大厦,"120.224952,30.306556",1,1
拱墅,笕桥 ,浙商国际中心,"120.212531,30.309242",1,1
拱墅,笕桥 ,大世界五金城,"120.223453,30.332465",1,1
拱墅,笕桥 ,横塘景苑,"120.212813,30.327346",1,1
拱墅,笕桥 ,笕桥花苑,"120.220923,30.313654",1,1
拱墅,笕桥 ,美达浅草名苑,"120.219882,30.312649",1,1
拱墅,笕桥 ,石桥路151号,"120.190151,30.309952",1,1
拱墅,笕桥 ,金禾嘉苑,"120.219479,30.316668",1,1
拱墅,笕桥 ,原筑壹号,"120.219479,30.316668",1,1
拱墅,笕桥 ,万科草庄,"120.218188,30.309454",1,1
拱墅,笕桥 ,金色黎明一期,"120.219362,30.30781",1,1
拱墅,笕桥 ,万科公园大道,"120.212978,30.311793",1,1
拱墅,笕桥 ,金色黎明三期,"120.222099,30.308619",1,1
拱墅,笕桥 ,金色黎明二期,"120.222099,30.308619",1,1
拱墅,笕桥 ,融创玖樟台,"120.21037,30.309801",1,1
拱墅,湖墅 ,莫干巷,"120.154924,30.277978",1,1
拱墅,湖墅 ,中环大厦,"120.151491,30.284543",1,1
拱墅,湖墅 ,日森大厦,"120.147291,30.289514",1,1
拱墅,湖墅 ,密渡桥路8号,"120.15819,30.27519",1,1
拱墅,湖墅 ,银都大厦,"120.149468,30.290289",1,1
拱墅,湖墅 ,新世纪大厦,"120.157775,30.274796",1,1
拱墅,湖墅 ,湖墅南路99号,"120.154552,30.277938",1,1
拱墅,湖墅 ,莫干山路94号,"120.151086,30.278691",1,1
拱墅,湖墅 ,徐公巷,"120.147195,30.294155",1,1
拱墅,湖墅 ,万物桥巷,"120.210792,30.246026",1,1
拱墅,湖墅 ,莫干山路90号,"120.15123,30.2785",1,1
拱墅,湖墅 ,米市新村,"120.150769,30.285874",1,1
拱墅,湖墅 ,五一新村,"120.151802,30.287073",1,1
拱墅,湖墅 ,百大花园,"120.154233,30.278206",1,1
拱墅,湖墅 ,宗坛巷,"120.147195,30.294155",1,1
拱墅,湖墅 ,长征新村,"120.157543,30.27401",1,1
拱墅,湖墅 ,小河东村,"120.156049,30.278732",1,1
拱墅,湖墅 ,米市巷,"120.147195,30.294155",1,1
拱墅,湖墅 ,稻香园北区,"120.153646,30.287044",1,1
拱墅,湖墅 ,沈塘东村,"120.153935,30.283995",1,1
拱墅,湖墅 ,湖墅南路60号,"120.15642,30.27521",1,1
拱墅,湖墅 ,锦绣新村,"120.151927,30.288014",1,1
拱墅,湖墅 ,大塘新村,"120.157706,30.280351",1,1
拱墅,湖墅 ,沈塘桥19弄,"120.151438,30.280529",1,1
拱墅,湖墅 ,三官弄,"120.147195,30.294155",1,1
拱墅,湖墅 ,莫干新村,"120.150212,30.283318",1,1
拱墅,湖墅 ,圣都公寓,"120.150224,30.290622",1,1
拱墅,湖墅 ,湖墅南路62号,"120.156222,30.275855",1,1
拱墅,湖墅 ,半道红小区,"120.154974,30.276655",1,1
拱墅,湖墅 ,古新路,"120.147195,30.294155",1,1
拱墅,湖墅 ,湖墅南路247号,"120.152133,30.283284",1,1
拱墅,湖墅 ,稻香园南区,"120.156289,30.284483",1,1
拱墅,湖墅 ,左家新村,"120.151147,30.289708",1,1
拱墅,湖墅 ,莫干山路132号,"120.14961,30.28195",1,1
拱墅,湖墅 ,叶青苑,"120.158819,30.282225",1,1
拱墅,湖墅 ,密渡桥路2号,"120.157143,30.275804",1,1
拱墅,湖墅 ,沈塘铭苑,"120.155202,30.283415",1,1
拱墅,湖墅 ,一清新村,"120.147065,30.288799",1,1
拱墅,湖墅 ,新河坝,"120.174607,30.272787",1,1
拱墅,湖墅 ,叶青随苑,"120.156131,30.282483",1,1
拱墅,湖墅 ,锦绣家园,"120.150866,30.288192",1,1
拱墅,湖墅 ,武林公寓,"120.158544,30.27479",1,1
拱墅,湖墅 ,星河明苑,"120.153467,30.281173",1,1
拱墅,湖墅 ,稻香园高层公寓,"120.154969,30.286222",1,1
拱墅,湖墅 ,沈塘桥弄,"120.151922,30.279082",1,1
拱墅,湖墅 ,华龙温泉公寓,"120.150956,30.28067",1,1
拱墅,湖墅 ,维元弄,"120.152374,30.282478",1,1
拱墅,湖墅 ,沈塘苑,"120.153509,30.283996",1,1
拱墅,湖墅 ,远东新月公寓,"120.150528,30.284177",1,1
拱墅,湖墅 ,红石公寓,"120.153232,30.285495",1,1
拱墅,湖墅 ,莫干山路38号,"120.153916,30.27584",1,1
拱墅,湖墅 ,莫干山路,"120.154924,30.277978",1,1
拱墅,湖墅 ,浅水湾城市花园,"120.148182,30.288008",1,1
拱墅,湖墅 ,莫干山路60号,"120.154092,30.275962",1,1
拱墅,湖墅 ,新河公寓,"120.150095,30.284836",1,1
拱墅,湖墅 ,红石中央花苑,"120.153205,30.28457",1,1
拱墅,湖墅 ,嘉璟华庭,"120.15686,30.275407",1,1
拱墅,湖墅 ,白马公寓,"120.159823,30.276159",1,1
拱墅,湖墅 ,新华园,"120.29413,30.206309",1,1
拱墅,湖墅 ,武林壹号,"120.156586,30.277686",1,1
拱墅,建国北路 ,云天财富中心,"120.181411,30.274282",1,1
拱墅,建国北路 ,裕达大厦,"119.95985,30.049404",1,1
拱墅,建国北路 ,环城东路298-311号,"120.1865,30.271564",1,1
拱墅,建国北路 ,天园阁,"120.186521,30.268735",1,1
拱墅,建国北路 ,体育场路2-70号,"119.94718,30.0444",1,1
拱墅,建国北路 ,环东公寓,"120.183289,30.264683",1,1
拱墅,建国北路 ,东园大楼,"120.181955,30.264849",1,1
拱墅,建国北路 ,晶晶大厦,"120.18655,30.268308",1,1
拱墅,建国北路 ,石板巷新村,"120.183578,30.265293",1,1
拱墅,建国北路 ,工人新村,"120.186828,30.267632",1,1
拱墅,建国北路 ,东园高层公寓,"120.183501,30.264635",1,1
拱墅,建国北路 ,羊千弄,"120.182297,30.272327",1,1
拱墅,建国北路 ,东园巷,"120.184786,30.266511",1,1
拱墅,建国北路 ,刀茅巷173-178号,"120.186596,30.268263",1,1
拱墅,建国北路 ,永康苑,"120.181556,30.271623",1,1
拱墅,建国北路 ,天赐苑,"120.183411,30.27163",1,1
拱墅,建国北路 ,东园小区,"120.183879,30.266399",1,1
拱墅,建国北路 ,树园,"120.181749,30.268912",1,1
拱墅,建国北路 ,锦园小区,"120.181884,30.266784",1,1
拱墅,建国北路 ,骆驼桥东河下,"120.18032,30.256874",1,1
拱墅,建国北路 ,艮园社区,"120.183241,30.268151",1,1
拱墅,建国北路 ,中江花园,"120.185018,30.272209",1,1
拱墅,建国北路 ,建国北路,"120.18032,30.256874",1,1
拱墅,建国北路 ,所巷,"120.180094,30.270053",1,1
拱墅,建国北路 ,大树路3号,"120.180094,30.270053",1,1
拱墅,建国北路 ,春丰苑,"120.184652,30.264925",1,1
拱墅,建国北路 ,莫衙营,"120.180345,30.271862",1,1
拱墅,建国北路 ,云裳公寓,"120.181494,30.270975",1,1
拱墅,建国北路 ,温馨家园,"120.181208,30.273651",1,1
拱墅,建国北路 ,宝善公寓,"120.180219,30.272012",1,1
拱墅,建国北路 ,利兹城市公寓,"120.179012,30.272692",1,1
拱墅,建国北路 ,广宇河滨公寓,"120.179866,30.268181",1,1
拱墅,建国北路 ,东河春晓,"120.179424,30.271298",1,1
拱墅,建国北路 ,绿城兰园,"120.183372,30.273974",1,1
拱墅, 流水苑 ,通宝商厦,"120.183154,30.275594",1,1
拱墅, 流水苑 ,钛合国际,"120.170559,30.278117",1,1
拱墅, 流水苑 ,联锦大厦,"120.171567,30.277721",1,1
拱墅, 流水苑 ,朝晖路90号,"120.181988,30.278681",1,1
拱墅, 流水苑 ,建国北路785号,"120.180449,30.278484",1,1
拱墅, 流水苑 ,张官弄,"120.17991,30.277509",1,1
拱墅, 流水苑 ,打铁关路,"120.182359,30.278372",1,1
拱墅, 流水苑 ,艮山上,"120.180417,30.275851",1,1
拱墅, 流水苑 ,绿洲吉家,"120.182359,30.278372",1,1
拱墅, 流水苑 ,环城北路六弄,"120.184239,30.27602",1,1
拱墅, 流水苑 ,嘉汇大厦,"120.17073,30.277288",1,1
拱墅, 流水苑 ,河罕上,"120.179948,30.277202",1,1
拱墅, 流水苑 ,打铁关外聘楼,"120.176824,30.281205",1,1
拱墅, 流水苑 ,"朝晖路81,85,89号","120.181988,30.278681",1,1
拱墅, 流水苑 ,流水东苑,"120.184522,30.278783",1,1
拱墅, 流水苑 ,流水苑,"120.181988,30.278681",1,1
拱墅, 流水苑 ,沙田里,"120.178365,30.278033",1,1
拱墅, 流水苑 ,京都苑,"120.176965,30.276214",1,1
拱墅, 流水苑 ,流水北苑,"120.181298,30.280324",1,1
拱墅, 流水苑 ,施家花园,"120.171841,30.277886",1,1
拱墅, 流水苑 ,和平小区,"120.175093,30.280014",1,1
拱墅, 流水苑 ,河西南38号,"120.181988,30.278681",1,1
拱墅, 流水苑 ,雅兰公寓,"120.179771,30.278819",1,1
拱墅, 流水苑 ,平凡里公寓,"120.176772,30.280331",1,1
拱墅, 流水苑 ,艮山福居,"120.182363,30.276256",1,1
拱墅, 流水苑 ,绿洲之馨公寓,"120.170408,30.280033",1,1
拱墅, 流水苑 ,星都嘉苑,"120.177202,30.277811",1,1
拱墅, 流水苑 ,环城北路56号,"120.180417,30.275851",1,1
拱墅, 流水苑 ,环城北路54号,"120.181988,30.278681",1,1
拱墅, 流水苑 ,滨河公寓,"120.172797,30.275578",1,1
拱墅, 流水苑 ,绿洲花园,"120.172067,30.279558",1,1
拱墅, 流水苑 ,光辉岁月,"120.173656,30.281555",1,1
拱墅, 流水苑 ,金都华庭,"120.175167,30.277989",1,1
拱墅,桥西,易构大厦,"120.122531,30.325852",1,1
拱墅,桥西,富越香郡盈座,"120.120981,30.321058",1,1
拱墅,桥西,方正360空间大厦,"119.073402,29.702012",1,1
拱墅,桥西,宜家时代,"120.117698,30.321309",1,1
拱墅,桥西,绿城运河郡,"120.136782,30.327262",1,1
拱墅,桥西,瑞浩珺公馆,"120.121343,30.325283",1,1
拱墅,桥西,西瑞大厦,"119.073402,29.702012",1,1
拱墅,桥西,运河万科中心,"120.12675,30.326206",1,1
拱墅,桥西,渡驾新村,"120.123999,30.326793",1,1
拱墅,桥西,新安天苑,"120.129978,30.322381",1,1
拱墅,桥西,吉如家园,"120.12972,30.317599",1,1
拱墅,桥西,锦文雅苑,"120.128641,30.328685",1,1
拱墅,桥西,名城燕园,"120.134188,30.310806",1,1
拱墅,桥西,凯德视界,"120.134788,30.313363",1,1
拱墅,桥西,锦绣文澜阁,"120.133005,30.325125",1,1
拱墅,桥西,锦秀兰庭,"120.132772,30.320284",1,1
拱墅,桥西,嘉泰馨庭,"120.132623,30.313361",1,1
拱墅,桥西,杭印路,"119.073402,29.702012",1,1
拱墅,桥西,天阳上河,"120.132035,30.311931",1,1
拱墅,桥西,德信银树湾,"119.073402,29.702012",1,1
拱墅,桥西,信步闲庭,"120.135544,30.327159",1,1
拱墅,桥西,富越香郡,"120.120031,30.320552",1,1
拱墅,桥西,南北西岸,"120.135383,30.329632",1,1
拱墅,桥西,风景大院,"120.133188,30.322248",1,1
拱墅,桥西,小河路,"119.073402,29.702012",1,1
拱墅,桥西,凯德龙湾,"120.136862,30.312924",1,1
拱墅,桥西,顺发吉祥半岛,"120.129599,30.314089",1,1
拱墅,桥西,小河东河下,"120.210792,30.246026",1,1
拱墅,桥西,小河路338号,"120.138016,30.317362",1,1
拱墅,桥西,名城公馆,"120.129948,30.316061",1,1
拱墅,桥西,金瑞城市风景,"120.1337,30.320754",1,1
拱墅,桥西,九龙仓碧玺,"120.133857,30.317746",1,1
拱墅,桥西,德信臻园,"120.135728,30.325196",1,1
拱墅,桥西,同和里,"120.138171,30.317195",1,1
拱墅,桥西,远洋大河宸章,"120.1429,30.30498",1,1
拱墅,桥西,绿城运河宸园,"120.133843,30.315432",1,1
拱墅,桥西,吉祥寺弄,"120.137004,30.318066",1,1
拱墅,桥西,小河东河下58号,"120.189216,30.477166",1,1
拱墅,桥西,敬胜里,"120.13808,30.31832",1,1
西湖,三墩,西田公馆,"120.09279,30.341648",1,1
西湖,三墩,红杉雅园,"120.093009,30.328329",1,1
西湖,三墩,远大金地中心,"120.091075,30.342479",1,1
西湖,三墩,金地广场,"120.082107,30.339841",1,1
西湖,三墩,西塘花苑,"120.08883,30.348962",1,1
西湖,三墩,金源公寓(西湖),"120.085181,30.32307",1,1
西湖,三墩,三墩街100号小区,"120.087993,30.322123",1,1
西湖,三墩,厚诚路,"120.085239,30.321492",1,1
西湖,三墩,铭雅苑东区,"120.087229,30.339174",1,1
西湖,三墩,铭雅苑西区,"120.083185,30.338565",1,1
西湖,三墩,德萃公寓,"120.074857,30.309856",1,1
西湖,三墩,亲亲家园一期,"120.090158,30.335362",1,1
西湖,三墩,同仁家园,"120.077136,30.326487",1,1
西湖,三墩,亲亲家园二期,"120.088151,30.337486",1,1
西湖,三墩,乾成园,"120.073218,30.312396",1,1
西湖,三墩,杭三公寓,"120.030182,30.320072",1,1
西湖,三墩,都市水乡水涟苑,"120.094213,30.330658",1,1
西湖,三墩,都市水乡水滟苑,"120.093381,30.333122",1,1
西湖,三墩,厚诚公寓,"120.08197,30.324469",1,1
西湖,三墩,长青嘉苑,"120.096994,30.33458",1,1
西湖,三墩,都市水乡水起苑,"120.090792,30.330464",1,1
西湖,三墩,润达花园,"120.091368,30.326276",1,1
西湖,三墩,新星小区,"120.087029,30.323071",1,1
西湖,三墩,都市水乡水清苑,"120.094632,30.329165",1,1
西湖,三墩,新世纪花苑,"120.089597,30.324903",1,1
西湖,三墩,亲亲家园三期,"120.084705,30.334312",1,1
西湖,三墩,同仁家园金涛港,"120.078836,30.328002",1,1
西湖,三墩,嘉华公寓,"120.091561,30.322863",1,1
西湖,三墩,厚诚路110号,"120.082369,30.323644",1,1
西湖,三墩,西河口小区,"120.082397,30.319166",1,1
西湖,三墩,信鸿花园北区,"120.083958,30.326522",1,1
西湖,三墩,都市水乡水曲苑,"120.089605,30.331657",1,1
西湖,三墩,都市水乡水月苑,"120.092787,30.326469",1,1
西湖,三墩,都市水乡水秀苑,"120.093526,30.324153",1,1
西湖,三墩,信鸿花园南区,"120.083633,30.324965",1,1
西湖,三墩,都市水乡水碧苑,"120.091843,30.328328",1,1
西湖,三墩,金厦公寓,"120.088515,30.32714",1,1
西湖,三墩,厚诚路26号,"120.082912,30.322596",1,1
西湖,三墩,振华路7号,"120.083851,30.316669",1,1
西湖,三墩,金穗公寓,"120.083465,30.319678",1,1
西湖,三墩,亲亲家园四期,"120.087956,30.335287",1,1
西湖,三墩,协安蓝郡,"120.086136,30.340681",1,1
西湖,三墩,金地自在城悦活轩,"120.06944,30.330528",1,1
西湖,三墩,白马尊邸,"120.080923,30.335624",1,1
西湖,三墩,三墩美都公寓,"120.089241,30.32627",1,1
西湖,三墩,中海紫藤苑,"120.068091,30.324539",1,1
西湖,三墩,西河口,"120.08166,30.319989",1,1
西湖,三墩,三墩颐景园,"120.082926,30.33141",1,1
西湖,三墩,阳光郡,"120.101047,30.332983",1,1
西湖,三墩,金地自在城乐活湾,"120.075415,30.334015",1,1
西湖,三墩,兰韵天城,"120.086042,30.330117",1,1
西湖,三墩,金地自在城林溪里,"120.068512,30.331399",1,1
西湖,三墩,金地自在城求学里,"120.071374,30.333973",1,1
西湖,三墩,紫金港湾,"120.083536,30.329615",1,1
西湖,三墩,金地自在城玛瑙湾,"120.075977,30.338895",1,1
西湖,三墩,中国铁建西湖国际城,"120.064977,30.33285",1,1
西湖,三墩,金地自在城东苑,"120.072453,30.334021",1,1
西湖,三墩,协安紫郡,"120.072884,30.325702",1,1
西湖,三墩,金地自在城鹭影轩,"120.06481,30.328166",1,1
西湖,三墩,中海金溪园,"120.081772,30.337173",1,1
西湖,三墩,蓝爵白马尊邸,"120.080743,30.334479",1,1
西湖,三墩,金帝花园,"120.087809,30.324736",1,1
西湖,三墩,庙前街,"120.210792,30.246026",1,1
西湖,三墩,金地自在城十方别墅,"120.074296,30.335465",1,1
拱墅,三里亭 ,联合麦田,"120.199138,30.290402",1,1
拱墅,三里亭 ,白云大厦,"120.198495,30.294768",1,1
拱墅,三里亭 ,东方时代中心,"120.198495,30.294768",1,1
拱墅,三里亭 ,杰立公馆,"120.198495,30.294768",1,1
拱墅,三里亭 ,秋涛北路322号,"120.199293,30.289671",1,1
拱墅,三里亭 ,董家村住宅,"120.191744,30.294511",1,1
拱墅,三里亭 ,机场路137号,"120.194371,30.291259",1,1
拱墅,三里亭 ,工农路,"120.187973,30.294949",1,1
拱墅,三里亭 ,三里家园一区,"120.191791,30.299062",1,1
拱墅,三里亭 ,三里家园三区,"120.190944,30.296878",1,1
拱墅,三里亭 ,水岸雅苑,"120.190955,30.298569",1,1
拱墅,三里亭 ,三里家园二区,"120.191791,30.299062",1,1
拱墅,三里亭 ,三里亭一区,"120.19452,30.294387",1,1
拱墅,三里亭 ,三里亭苑二区,"120.193831,30.29575",1,1
拱墅,三里亭 ,蓝天公寓,"120.198495,30.294768",1,1
拱墅,三里亭 ,三里亭苑四区,"120.189025,30.29547",1,1
拱墅,三里亭 ,机场路1巷64号院,"120.192146,30.287272",1,1
拱墅,三里亭 ,三里亭苑三区,"120.188895,30.293933",1,1
拱墅,三里亭 ,秋涛北路413号,"120.197654,30.287636",1,1
拱墅,三里亭 ,广利佳苑,"120.198495,30.294768",1,1
拱墅,三里亭 ,三里新城橘苑,"120.19434,30.292575",1,1
拱墅,三里亭 ,百合公寓,"120.198495,30.294768",1,1
拱墅,三里亭 ,闻皇庙社区,"120.193329,30.287952",1,1
拱墅,三里亭 ,三里新城桂苑,"120.192183,30.290432",1,1
拱墅,三里亭 ,三里新城竹苑,"120.188348,30.289728",1,1
拱墅,三里亭 ,三里新城兰苑,"120.186593,30.288896",1,1
拱墅,三里亭 ,三里新城荷苑,"120.187254,30.287033",1,1
拱墅,三里亭 ,天成嘉苑,"120.185747,30.284114",1,1
拱墅,三里亭 ,秋涛雅苑,"120.197498,30.288615",1,1
拱墅,三里亭 ,蓝天城市花园,"120.189356,30.286027",1,1
拱墅,三里亭 ,三里新城柳苑,"120.193198,30.291304",1,1
拱墅,三里亭 ,三里新城梅苑,"120.194447,30.290654",1,1
拱墅,三里亭 ,东方丽都花苑,"120.199789,30.292869",1,1
拱墅,三里亭 ,绿城玉兰公寓,"120.200887,30.291942",1,1
拱墅,三里亭 ,克拉公寓,"120.198495,30.294768",1,1
拱墅,三里亭 ,沁园雅舍,"120.198495,30.294768",1,1
拱墅,三塘 ,新天地G193广场,"120.179497,30.325173",1,1
拱墅,三塘 ,阳光银泰城,"120.107703,30.299465",1,1
拱墅,三塘 ,世嘉铭座,"120.185303,30.326162",1,1
拱墅,三塘 ,三塘高层公寓,"120.170965,30.309101",1,1
拱墅,三塘 ,长德公寓,"120.17433,30.304938",1,1
拱墅,三塘 ,天堂园社区纺织厂宿舍,"120.193011,30.322902",1,1
拱墅,三塘 ,电信巷,"120.158655,30.307134",1,1
拱墅,三塘 ,六塘公寓,"120.168105,30.30629",1,1
拱墅,三塘 ,欣景苑,"120.184534,30.320886",1,1
拱墅,三塘 ,长兴公寓,"120.17451,30.306431",1,1
拱墅,三塘 ,三塘桃园,"120.168889,30.307887",1,1
拱墅,三塘 ,广电雅苑,"119.709661,30.230608",1,1
拱墅,三塘 ,东新园望景苑,"120.181664,30.311575",1,1
拱墅,三塘 ,三塘北村,"120.166616,30.308195",1,1
拱墅,三塘 ,三塘南村,"120.161355,30.309155",1,1
拱墅,三塘 ,东新园新湖苑,"120.177976,30.314345",1,1
拱墅,三塘 ,灯塔新村,"120.170287,30.310122",1,1
拱墅,三塘 ,三塘汶园,"120.172092,30.304709",1,1
拱墅,三塘 ,三塘沁园,"120.172224,30.306467",1,1
拱墅,三塘 ,东新园茗盛苑,"120.182258,30.309876",1,1
拱墅,三塘 ,长木里,"120.175755,30.302378",1,1
拱墅,三塘 ,长木新村,"120.171352,30.302255",1,1
拱墅,三塘 ,三塘桂园,"120.171638,30.3083",1,1
拱墅,三塘 ,东新园雪峰苑,"120.18138,30.312973",1,1
拱墅,三塘 ,世嘉君座,"120.185303,30.326162",1,1
拱墅,三塘 ,新天地中心,"120.185824,30.326479",1,1
拱墅,三塘 ,新天地世嘉新座,"120.185303,30.326162",1,1
拱墅,三塘 ,香源公寓,"120.252303,30.387376",1,1
拱墅,三塘 ,三塘竹园,"120.172576,30.309893",1,1
拱墅,三塘 ,东新园东荷星苑,"120.179538,30.312516",1,1
拱墅,三塘 ,西文北苑,"120.170392,30.322247",1,1
拱墅,三塘 ,三塘樱园,"120.168646,30.31021",1,1
拱墅,三塘 ,东新园孚信苑,"120.17862,30.309695",1,1
拱墅,三塘 ,西文东苑,"120.177796,30.326015",1,1
拱墅,三塘 ,善贤人家,"120.161485,30.31709",1,1
拱墅,三塘 ,三塘兰园,"120.165685,30.309485",1,1
拱墅,三塘 ,漾河人家,"120.168101,30.321368",1,1
拱墅,三塘 ,长隆公寓,"120.17847,30.305424",1,1
拱墅,三塘 ,漾河公寓,"120.166074,30.319335",1,1
拱墅,三塘 ,西文西苑,"120.168256,30.318823",1,1
拱墅,三塘 ,三塘柳园,"120.167279,30.307703",1,1
拱墅,三塘 ,三塘菊园,"120.173602,30.308658",1,1
拱墅,三塘 ,西文南苑,"120.172639,30.317852",1,1
拱墅,三塘 ,重机巷,"120.175286,30.317824",1,1
拱墅,三塘 ,灯塔豪园,"120.16625,30.311878",1,1
拱墅,三塘 ,华江宿舍,"120.168061,30.31173",1,1
拱墅,三塘 ,水印康庭,"120.16876,30.31713",1,1
拱墅,三塘 ,东新路754号,"120.173135,30.321252",1,1
拱墅,三塘 ,东新府,"120.179287,30.315052",1,1
拱墅,三塘 ,万家星城一期,"120.17363,30.324136",1,1
拱墅,三塘 ,万家星城三期,"120.176594,30.324129",1,1
拱墅,三塘 ,重机宿舍,"120.176318,30.313567",1,1
拱墅,三塘 ,万家星城二期,"120.17679,30.322135",1,1
拱墅,三塘 ,中粮方圆府,"120.168499,30.315251",1,1
拱墅,三塘 ,香石公寓,"120.15327,30.285448",1,1
拱墅,三塘 ,美岸栖庭,"120.170959,30.325695",1,1
拱墅,三塘 ,万和玺园,"120.170723,30.311772",1,1
西湖,申花 ,爱尚里,"120.079381,30.315082",1,1
西湖,申花 ,复地壹中心,"120.10968,30.318454",1,1
西湖,申花 ,同人精华,"120.210792,30.246026",1,1
西湖,申花 ,五洲国际广场,"120.096298,30.294147",1,1
西湖,申花 ,中天西城纪,"120.111345,30.29299",1,1
西湖,申花 ,蓝钻天成,"120.120913,30.308414",1,1
西湖,申花 ,德泰御峰大厦,"120.110482,30.300968",1,1
西湖,申花 ,浙港国际,"120.093361,30.309526",1,1
西湖,申花 ,城北商贸园,"120.09348,30.31199",1,1
西湖,申花 ,望月公寓,"120.090693,30.312223",1,1
西湖,申花 ,天虹公寓,"120.09189,30.313613",1,1
西湖,申花 ,龙湖紫金上城,"120.090466,30.320484",1,1
西湖,申花 ,祥符路,"120.103802,30.326013",1,1
西湖,申花 ,陈家桥南街12号,"120.082554,30.318206",1,1
西湖,申花 ,祥符佳苑,"120.102785,30.323424",1,1
西湖,申花 ,新华苑,"120.10686,30.323682",1,1
西湖,申花 ,秀里华庭,"120.088182,30.319353",1,1
西湖,申花 ,景致公寓,"120.114557,30.320834",1,1
西湖,申花 ,祥符新村,"120.105628,30.327314",1,1
西湖,申花 ,方家花苑,"120.10845,30.304319",1,1
西湖,申花 ,和睦公寓,"120.114487,30.315158",1,1
西湖,申花 ,天阳美林湾,"120.098464,30.322078",1,1
西湖,申花 ,阮家居,"120.110864,30.29914",1,1
西湖,申花 ,华方新村,"120.109584,30.309997",1,1
西湖,申花 ,化纤新村,"120.114576,30.316046",1,1
西湖,申花 ,阮家桥公寓,"120.114508,30.298051",1,1
西湖,申花 ,宝嘉誉府,"120.083452,30.313681",1,1
西湖,申花 ,西铭苑,"120.112835,30.298432",1,1
西湖,申花 ,首开国风美域,"120.091783,30.316844",1,1
西湖,申花 ,三坝雅苑,"120.099473,30.305451",1,1
西湖,申花 ,中旅紫金名门,"120.085601,30.318225",1,1
西湖,申花 ,景瑞申花郡,"120.101281,30.321872",1,1
西湖,申花 ,金地繁华里,"120.104786,30.322956",1,1
西湖,申花 ,和苑小区,"120.103881,30.301548",1,1
西湖,申花 ,丽晶湾,"120.102273,30.324445",1,1
西湖,申花 ,雍景湾(拱墅),"120.101885,30.319771",1,1
西湖,申花 ,陈家桥南街,"120.210792,30.246026",1,1
西湖,申花 ,芳满庭,"120.107164,30.295247",1,1
西湖,申花 ,紫金文苑,"120.1005,30.296076",1,1
西湖,申花 ,勤丰小区,"120.123187,30.306163",1,1
西湖,申花 ,上郡,"120.102377,30.305694",1,1
西湖,申花 ,港湾家园,"120.086163,30.31141",1,1
西湖,申花 ,雍荣华庭,"120.103385,30.319608",1,1
西湖,申花 ,万家花城一期,"120.113977,30.304828",1,1
西湖,申花 ,昆仑橡树园,"120.107792,30.301514",1,1
西湖,申花 ,万家花城二期,"120.111073,30.302547",1,1
西湖,申花 ,汀澜府,"120.104283,30.31788",1,1
西湖,申花 ,金茂悦,"120.114708,30.296023",1,1
西湖,申花 ,保利香槟国际,"120.110351,30.308485",1,1
西湖,申花 ,新城金镶玉,"120.109584,30.309997",1,1
西湖,申花 ,莱德绅华府,"120.114616,30.299705",1,1
西湖,申花 ,上尚庭,"120.112882,30.299507",1,1
西湖,申花 ,天阳尚景国际二期,"120.136831,30.315089",1,1
西湖,申花 ,景瑞申花壹号院,"120.105898,30.308238",1,1
西湖,申花 ,九龙仓珑玺,"120.115744,30.311054",1,1
西湖,申花 ,丽阳苑,"120.101126,30.307385",1,1
西湖,申花 ,浙旅德信西宸,"120.118168,30.308392",1,1
西湖,申花 ,绿城慧园,"120.105995,30.306433",1,1
西湖,申花 ,冠苑小区,"120.09631,30.295257",1,1
西湖,申花 ,圣苑小区,"120.095296,30.303871",1,1
西湖,申花 ,天阳尚景国际,"120.136831,30.315089",1,1
西湖,申花 ,滨江紫金府,"120.099118,30.303647",1,1
西湖,申花 ,西城年华,"120.101528,30.309384",1,1
西湖,申花 ,水色宜居,"120.107327,30.30719",1,1
西湖,申花 ,耀江文鼎苑,"120.094521,30.297861",1,1
西湖,申花 ,碧桂园西江月,"120.113131,30.310785",1,1
西湖,申花 ,广宇西城美墅,"120.100608,30.311335",1,1
西湖,申花 ,合景天銮,"120.117788,30.310098",1,1
西湖,申花 ,九龙仓臻玺,"120.117039,30.309161",1,1
西湖,申花 ,盛景琥林名邸,"120.120311,30.306935",1,1
西湖,申花 ,融创宜和园,"120.121525,30.306092",1,1
拱墅,石桥 ,华悦大厦,"120.204972,30.341116",1,1
拱墅,石桥 ,泰地北上新城,"120.201122,30.343973",1,1
拱墅,石桥 ,怡乐银座,"120.20427,30.340903",1,1
拱墅,石桥 ,海辰水岸晶座,"120.20198,30.333939",1,1
拱墅,石桥 ,天堂园轴承宿舍,"120.194542,30.329451",1,1
拱墅,石桥 ,北景园水镜苑,"120.182852,30.333275",1,1
拱墅,石桥 ,石桥路,"120.195613,30.296676",1,1
拱墅,石桥 ,北景园荷风苑,"120.184282,30.335296",1,1
拱墅,石桥 ,天堂园汽轮宿舍,"120.195028,30.328261",1,1
拱墅,石桥 ,北景园枫丹苑,"120.187408,30.344641",1,1
拱墅,石桥 ,北景园兰清苑,"120.18443,30.335312",1,1
拱墅,石桥 ,北景园月桂苑,"120.187531,30.34236",1,1
拱墅,石桥 ,北景园紫荆苑,"120.184669,30.340279",1,1
拱墅,石桥 ,景翠公寓,"120.196725,30.329096",1,1
拱墅,石桥 ,北景园菊香苑,"120.184929,30.33748",1,1
拱墅,石桥 ,北景园芳洲苑,"120.185038,30.332779",1,1
拱墅,石桥 ,景洲公寓,"120.20066,30.322953",1,1
拱墅,石桥 ,新沁家园,"120.196971,30.319318",1,1
拱墅,石桥 ,石桥设计二院,"120.189518,30.327866",1,1
拱墅,石桥 ,赞成武林里,"120.204458,30.334149",1,1
拱墅,石桥 ,元都新景公寓,"120.205623,30.343994",1,1
拱墅,石桥 ,田逸之星,"120.207703,30.340561",1,1
拱墅,石桥 ,北景园莲趣苑,"120.187556,30.334796",1,1
拱墅,石桥 ,北景园竹邻苑,"120.187323,30.337521",1,1
拱墅,石桥 ,杨家春晓北苑,"120.198642,30.327107",1,1
拱墅,石桥 ,润和亿城嘉园,"120.20336,30.337946",1,1
拱墅,石桥 ,杨家春晓南苑,"120.200151,30.325067",1,1
拱墅,石桥 ,通和都市枫林,"120.184122,30.34177",1,1
拱墅,石桥 ,嘉里桦枫居北区,"120.195641,30.343773",1,1
拱墅,石桥 ,元都新苑,"120.207584,30.343818",1,1
拱墅,石桥 ,亿城雅苑,"120.205584,30.338797",1,1
拱墅,石桥 ,祥和人家,"120.182929,30.337183",1,1
拱墅,石桥 ,华润翠庭,"120.204008,30.337357",1,1
拱墅,石桥 ,万泰新语,"120.203672,30.335906",1,1
拱墅,丝绸城 ,岳家湾,"120.178059,30.265558",1,1
拱墅,丝绸城 ,西健康路,"120.173172,30.267265",1,1
拱墅,丝绸城 ,新华坊社区,"120.176599,30.265937",1,1
拱墅,丝绸城 ,助圣庙前35号,"120.177467,30.265387",1,1
拱墅,丝绸城 ,十五家园,"120.174324,30.266205",1,1
拱墅,丝绸城 ,贡院,"120.172093,30.267779",1,1
拱墅,丝绸城 ,幸福人家,"120.177233,30.268866",1,1
拱墅,丝绸城 ,健康公寓,"120.177367,30.268272",1,1
拱墅,丝绸城 ,青龙苑,"120.178598,30.268928",1,1
拱墅,丝绸城 ,金鹿雅园,"120.178715,30.266509",1,1
拱墅,天水 ,西子大厦,"120.168355,30.269316",1,1
拱墅,天水 ,九鼎名仕顿商务楼,"120.169421,30.2669",1,1
拱墅,天水 ,中山北路446号,"120.16734,30.268972",1,1
拱墅,天水 ,中山北路556号,"120.166876,30.271219",1,1
拱墅,天水 ,中山北路363号,"120.167628,30.268234",1,1
拱墅,天水 ,小北门,"105.724828,34.581514",1,1
拱墅,天水 ,天水巷,"120.170874,30.271722",1,1
拱墅,天水 ,后营弄,"120.168011,30.269001",1,1
拱墅,天水 ,三华园,"120.170443,30.265219",1,1
拱墅,天水 ,胭脂新村,"105.724828,34.581514",1,1
拱墅,天水 ,中山北路412号,"120.167628,30.268234",1,1
拱墅,天水 ,社坛苑,"120.169916,30.265896",1,1
拱墅,天水 ,中山北路319号,"120.168188,30.26557",1,1
拱墅,天水 ,中山北路361号,"120.168052,30.266519",1,1
拱墅,天水 ,下焦营巷,"120.169324,30.265544",1,1
拱墅,天水 ,屏风苑小区,"120.170188,30.267645",1,1
拱墅,天水 ,玄坛弄,"120.168735,30.268472",1,1
拱墅,天水 ,社坛巷,"120.169824,30.265768",1,1
拱墅,天水 ,慎修里,"120.168413,30.268694",1,1
拱墅,天水 ,玄坛公寓,"120.169756,30.268583",1,1
拱墅,天水 ,平安居,"120.168395,30.26751",1,1
拱墅,天水 ,皇亲苑,"120.16565,30.265504",1,1
拱墅,天水 ,仓柱弄,"120.166715,30.266136",1,1
拱墅,天水 ,茶叶弄3号,"120.166697,30.264799",1,1
拱墅,天水 ,中山北路341号,"120.166807,30.270221",1,1
拱墅,天水 ,余官巷,"120.167472,30.266312",1,1
拱墅,天水 ,中山北路369号,"106.139413,34.75419",1,1
拱墅,天水 ,耶稣堂弄,"120.166264,30.268767",1,1
拱墅,天水 ,中山北路421号,"120.167152,30.268673",1,1
拱墅,天水 ,中大广场,"120.169304,30.26617",1,1
拱墅,天水 ,百井坊巷,"120.166855,30.266896",1,1
拱墅,体育场路 ,新坝,"120.174607,30.272787",1,1
拱墅,体育场路 ,水星阁,"120.172343,30.272676",1,1
拱墅,体育场路 ,木庵小区,"120.176335,30.27344",1,1
拱墅,体育场路 ,体育场路71-176号,"120.181749,30.268912",1,1
拱墅,体育场路 ,田家桥,"120.171629,30.271066",1,1
拱墅,体育场路 ,体育场路168号,"120.171756,30.270749",1,1
拱墅,体育场路 ,大营盘,"120.176464,30.271223",1,1
拱墅,体育场路 ,御跸苑,"120.177983,30.272073",1,1
拱墅,体育场路 ,新湖武林国际公寓,"120.172391,30.272341",1,1
拱墅,万达广场 ,南北盛德国际,"119.954546,30.269189",1,1
拱墅,万达广场 ,深蓝绿景国际,"120.130691,30.332879",1,1
拱墅,万达广场 ,香槟之约,"119.954546,30.269189",1,1
拱墅,万达广场 ,阅城新座,"120.116489,30.332177",1,1
拱墅,万达广场 ,杭州万达广场,"120.119139,30.329595",1,1
拱墅,万达广场 ,运河印,"119.955368,30.26963",1,1
拱墅,万达广场 ,迪凯运河印象,"120.128661,30.348791",1,1
拱墅,万达广场 ,昌运里二区,"120.131962,30.345864",1,1
拱墅,万达广场 ,地铁万科杭行道,"120.118299,30.330182",1,1
拱墅,万达广场 ,大华海派风景,"120.12202,30.345334",1,1
拱墅,万达广场 ,越秀星汇园,"120.12197,30.3405",1,1
拱墅,万达广场 ,耀翔悦尚,"120.126187,30.339487",1,1
拱墅,万达广场 ,万科北宸之光三期拱宸,"119.954546,30.269189",1,1
拱墅,万达广场 ,东哲云邸,"120.123637,30.337815",1,1
拱墅,万达广场 ,融创瑷颐湾,"120.117464,30.34033",1,1
拱墅,万达广场 ,天鸿香榭里,"120.128255,30.340274",1,1
拱墅,万达广场 ,风雅乐府,"120.12167,30.34722",1,1
拱墅,万达广场 ,方正荷塘月色,"120.125712,30.338024",1,1
拱墅,万达广场 ,德信北海公园,"120.123794,30.335432",1,1
拱墅,万达广场 ,宝嘉誉峰,"120.12439,30.332787",1,1
拱墅,万达广场 ,华盛达阅城,"120.11607,30.33228",1,1
拱墅,万达广场 ,方正御星,"120.11917,30.332248",1,1
拱墅,万达广场 ,德信晓宸,"120.121548,30.332649",1,1
拱墅, 武林 ,环城北路307号,"120.156301,30.27241",1,1
拱墅, 武林 ,体育场路178-418号,"119.936541,30.044433",1,1
拱墅, 武林 ,锦绣天地,"120.158904,30.262174",1,1
拱墅, 武林 ,环城西路38号,"119.499893,29.542349",1,1
拱墅, 武林 ,环北新村,"120.158574,30.271687",1,1
拱墅, 武林 ,豆腐里,"120.157914,30.272112",1,1
拱墅, 武林 ,劳工弄,"120.159271,30.268396",1,1
拱墅, 武林 ,狮虎桥路,"120.159968,30.265526",1,1
拱墅, 武林 ,凤起路512号,"120.16133,30.263971",1,1
拱墅, 武林 ,孩儿巷,"120.161281,30.262752",1,1
拱墅, 武林 ,环城西路96号,"120.155565,30.271433",1,1
拱墅, 武林 ,混堂桥,"120.156333,30.271656",1,1
拱墅, 武林 ,灯芯巷,"120.161419,30.265912",1,1
拱墅, 武林 ,昌化路,"120.157814,30.269112",1,1
拱墅, 武林 ,昌化新村,"120.157292,30.268684",1,1
拱墅, 武林 ,延安新村,"120.165943,30.269231",1,1
拱墅, 武林 ,孝丰路小区,"120.158458,30.265582",1,1
拱墅, 武林 ,戒坛寺巷,"120.160083,30.267418",1,1
拱墅, 武林 ,万寿亭街小区,"120.160183,30.269621",1,1
拱墅, 武林 ,思敬里,"120.161747,30.26308",1,1
拱墅, 武林 ,武林路,"120.159611,30.267579",1,1
拱墅, 武林 ,凤起路462号,"120.162892,30.264363",1,1
拱墅, 武林 ,环城西路62号,"120.156563,30.266698",1,1
拱墅, 武林 ,环城西路98号,"120.155037,30.271714",1,1
拱墅, 武林 ,武林路458号,"120.158647,30.271834",1,1
拱墅, 武林 ,水稻大厦,"120.159556,30.270193",1,1
拱墅, 武林 ,凤起里,"120.16258,30.264423",1,1
拱墅, 武林 ,武林桥河下,"120.159968,30.265526",1,1
拱墅, 武林 ,环城西路70号,"120.156133,30.268125",1,1
拱墅, 武林 ,凤起桥河下,"120.159968,30.265526",1,1
拱墅, 武林 ,景湖苑,"120.156422,30.269877",1,1
拱墅, 武林 ,天巢花苑,"120.159593,30.271722",1,1
拱墅, 武林 ,环西新村,"120.157698,30.267442",1,1
拱墅, 武林 ,江山弄,"120.161298,30.265104",1,1
拱墅, 武林 ,直戒坛寺巷,"120.160083,30.267418",1,1
拱墅, 武林 ,狮虎桥河下,"120.149334,30.273252",1,1
拱墅, 武林 ,桃花河新村,"120.156359,30.269347",1,1
拱墅, 武林 ,环城西路68号,"120.156426,30.267363",1,1
拱墅, 武林 ,安吉路,"120.159628,30.26677",1,1
拱墅, 武林 ,环城西路50号,"120.156634,30.266924",1,1
拱墅, 武林 ,崇恩坊,"120.162052,30.262188",1,1
拱墅, 武林 ,龙游路,"120.161058,30.261704",1,1
拱墅, 武林 ,武林新村,"120.162283,30.26706",1,1
拱墅, 武林 ,万寿亭公寓,"120.160631,30.269251",1,1
拱墅, 武林 ,体育场路470号,"120.153654,30.271062",1,1
拱墅, 武林 ,和乐苑,"120.160336,30.263821",1,1
拱墅, 武林 ,开化路,"120.157507,30.277965",1,1
拱墅, 武林 ,延龄苑,"120.16107,30.268466",1,1
拱墅, 武林 ,遂安路,"120.159968,30.265526",1,1
拱墅, 武林 ,西子铭苑,"120.158549,30.269128",1,1
拱墅, 武林 ,建德路,"120.15972,30.26158",1,1
拱墅, 武林 ,环城西路4号,"119.49933,29.54152",1,1
拱墅, 武林 ,湖滨阁,"120.158013,30.265319",1,1
拱墅, 武林 ,西湖花苑,"120.158314,30.261158",1,1
拱墅, 武林 ,西子公寓,"120.158443,30.260701",1,1
拱墅,信义坊 ,美都广场,"120.133775,30.299668",1,1
拱墅,信义坊 ,湖墅北路95号,"120.141259,30.302216",1,1
拱墅,信义坊 ,和睦路141号,"120.13943,30.299957",1,1
拱墅,信义坊 ,娑婆新村,"120.142579,30.299631",1,1
拱墅,信义坊 ,塘河南村,"120.143817,30.294205",1,1
拱墅,信义坊 ,哑巴弄,"120.143817,30.294205",1,1
拱墅,信义坊 ,观音桥小区,"120.140742,30.296632",1,1
拱墅,信义坊 ,董家弄,"120.143817,30.294205",1,1
拱墅,信义坊 ,龙门公寓,"120.143817,30.294205",1,1
拱墅,信义坊 ,塘河北村,"120.143817,30.294205",1,1
拱墅,信义坊 ,塘河新村,"120.136662,30.295777",1,1
拱墅,信义坊 ,贾家弄2号,"120.143737,30.296825",1,1
拱墅,信义坊 ,杨家门小区,"120.139663,30.297916",1,1
拱墅,信义坊 ,三宝新村,"120.139787,30.297873",1,1
拱墅,信义坊 ,贾家弄新村,"120.142114,30.296595",1,1
拱墅,信义坊 ,荷花塘,"120.143817,30.294205",1,1
拱墅,信义坊 ,贾家弄4号,"120.14398,30.29751",1,1
拱墅,信义坊 ,信义新村,"120.143265,30.296566",1,1
拱墅,信义坊 ,董家新村,"120.13688,30.299496",1,1
拱墅,信义坊 ,教工里,"120.143817,30.294205",1,1
拱墅,信义坊 ,贾家弄,"120.143982,30.29697",1,1
拱墅,信义坊 ,和睦路143号,"120.139779,30.300259",1,1
拱墅,信义坊 ,正兴堂弄,"120.143817,30.294205",1,1
拱墅,信义坊 ,湖墅南路419号,"120.14831,30.29107",1,1
拱墅,信义坊 ,和睦路121号,"120.140335,30.299846",1,1
拱墅,信义坊 ,豪曹巷,"120.143817,30.294205",1,1
拱墅,信义坊 ,云河大厦,"120.147252,30.290477",1,1
拱墅,信义坊 ,墨香苑,"120.138008,30.297001",1,1
拱墅,信义坊 ,信义坊,"120.143817,30.294205",1,1
拱墅,信义坊 ,仓基新村,"120.149005,30.292703",1,1
拱墅,信义坊 ,墅林苑,"120.143005,30.293202",1,1
拱墅,信义坊 ,双荡新村,"120.145753,30.2902",1,1
拱墅,信义坊 ,湖墅嘉园,"120.141394,30.300621",1,1
拱墅,信义坊 ,和睦路128号,"120.142115,30.297957",1,1
拱墅,信义坊 ,文一路38弄,"120.146334,30.289758",1,1
拱墅,信义坊 ,浪琴翠园,"120.127475,30.294806",1,1
拱墅,信义坊 ,湖墅新村,"120.143912,30.293731",1,1
拱墅,信义坊 ,青莎阁,"120.14716,30.292921",1,1
拱墅,信义坊 ,绿城西子紫兰公寓,"120.142563,30.297516",1,1
拱墅, 众安桥 ,仙林福座,"120.169699,30.260115",1,1
拱墅, 众安桥 ,军督司巷,"120.169274,30.263121",1,1
拱墅, 众安桥 ,三槐里,"120.166845,30.261051",1,1
拱墅, 众安桥 ,中山北路143号,"120.168937,30.261918",1,1
拱墅, 众安桥 ,凤凰街小区,"120.164166,30.26282",1,1
拱墅, 众安桥 ,山子巷,"120.165915,30.259161",1,1
拱墅, 众安桥 ,庆春路206-208号,"120.166136,30.258501",1,1
拱墅, 众安桥 ,仁德里,"120.164499,30.25914",1,1
拱墅, 众安桥 ,清远里,"120.1696,30.26403",1,1
拱墅, 众安桥 ,法轮寺弄,"120.168621,30.263479",1,1
拱墅, 众安桥 ,布店弄,"120.172734,30.259309",1,1
拱墅, 众安桥 ,横堂子巷,"120.170034,30.263338",1,1
拱墅, 众安桥 ,永丰巷,"120.168986,30.259216",1,1
拱墅, 众安桥 ,二圣庙前,"120.172188,30.262618",1,1
拱墅, 众安桥 ,上焦营巷,"120.169219,30.265575",1,1
拱墅, 众安桥 ,大和弄,"120.164607,30.2634",1,1
拱墅, 众安桥 ,豆腐巷,"120.168312,30.261262",1,1
拱墅, 众安桥 ,白泽弄,"120.167627,30.25974",1,1
拱墅, 众安桥 ,中山北路123号,"120.168575,30.260937",1,1
拱墅, 众安桥 ,浙报公寓,"120.17072,30.262916",1,1
拱墅, 众安桥 ,镜瑞弄,"120.166543,30.264097",1,1
拱墅, 众安桥 ,广福公寓,"120.164883,30.261983",1,1
拱墅, 众安桥 ,竹竿巷,"120.166505,30.260579",1,1
拱墅, 众安桥 ,广福路小区,"120.164908,30.260775",1,1
拱墅, 众安桥 ,小和弄小区,"120.165162,30.263867",1,1
拱墅, 众安桥 ,横广福路,"120.164908,30.260775",1,1
拱墅, 众安桥 ,孩儿巷33号,"120.167919,30.260034",1,1
拱墅, 众安桥 ,观巷,"120.167802,30.26277",1,1
拱墅, 众安桥 ,仙林苑,"120.170152,30.261385",1,1
拱墅, 众安桥 ,国都公寓,"120.168035,30.263435",1,1
拱墅, 众安桥 ,麒麟街小区,"120.165811,30.263926",1,1
拱墅, 众安桥 ,大和里,"120.164952,30.263637",1,1
拱墅, 众安桥 ,中山北路,"120.167569,30.265791",1,1
上城,采荷 ,凯旋路110号,"120.19024,30.254276",1,1
上城,采荷 ,采荷路62号,"120.191084,30.252062",1,1
上城,采荷 ,采荷大厦,"120.196581,30.251627",1,1
上城,采荷 ,采荷小区金谷邨,"120.197447,30.253274",1,1
上城,采荷 ,庆春东路57-113号,"120.194533,30.258116",1,1
上城,采荷 ,凯旋路104号,"120.190023,30.253916",1,1
上城,采荷 ,建电新村,"120.191606,30.256791",1,1
上城,采荷 ,茶厂宿舍,"120.194162,30.248672",1,1
上城,采荷 ,凯旋路112号,"120.190296,30.254446",1,1
上城,采荷 ,采荷小区青莼邨,"120.199993,30.253001",1,1
上城,采荷 ,采荷小区翠柳邨,"120.195956,30.255101",1,1
上城,采荷 ,凯旋新村,"120.189287,30.252889",1,1
上城,采荷 ,采荷新村,"120.196138,30.254032",1,1
上城,采荷 ,金牛坊,"120.189418,30.254795",1,1
上城,采荷 ,秋涛北路30号,"120.201788,30.254158",1,1
上城,采荷 ,采荷小区洁莲邨,"120.197088,30.252346",1,1
上城,采荷 ,采荷小区红菱邨,"120.199198,30.256826",1,1
上城,采荷 ,花圃铁路新村,"120.188779,30.25026",1,1
上城,采荷 ,凯旋路117号,"120.189685,30.253932",1,1
上城,采荷 ,采荷小区芙蓉邨,"120.195117,30.252296",1,1
上城,采荷 ,双菱新村,"120.194141,30.255821",1,1
上城,采荷 ,采荷小区玉荷邨,"120.199952,30.256056",1,1
上城,采荷 ,采荷路68号,"120.190566,30.252406",1,1
上城,采荷 ,采荷小区紫藕邨,"120.195831,30.25608",1,1
上城,采荷 ,采荷路37号,"120.192508,30.251341",1,1
上城,采荷 ,清泰小区,"120.192119,30.248343",1,1
上城,采荷 ,采荷街道青荷苑,"120.198391,30.255675",1,1
上城,采荷 ,邮政公寓,"120.188983,30.251538",1,1
上城,采荷 ,采荷路33号,"120.193675,30.251859",1,1
上城,采荷 ,采荷东区,"120.210792,30.246026",1,1
上城,采荷 ,和谐嘉园南苑,"120.209406,30.252241",1,1
上城,采荷 ,采荷路39号,"120.190571,30.252189",1,1
上城,采荷 ,采荷路35号,"120.193256,30.251355",1,1
上城,采荷 ,宋都凯旋苑,"120.192882,30.249996",1,1
上城,采荷 ,紫园,"120.19052,30.253053",1,1
上城,采荷 ,采荷人家,"120.206337,30.255932",1,1
上城,采荷 ,采荷路17号,"120.197584,30.25166",1,1
上城,采荷 ,采荷支路,"120.197126,30.250619",1,1
上城,采荷 ,凯旋路78号,"120.190207,30.251576",1,1
上城,采荷 ,庆春御府,"120.192518,30.257053",1,1
上城,采荷 ,滨江凯旋门,"120.191354,30.255802",1,1
上城,城东新城 ,宋都时间国际,"120.223977,30.304729",1,1
上城,城东新城 ,中豪国际,"120.222683,30.289711",1,1
上城,城东新城 ,东亚新干线,"120.20712,30.299231",1,1
上城,城东新城 ,杭州港龙城,"120.225624,30.293589",1,1
上城,城东新城 ,三花国际大厦,"120.224337,30.295591",1,1
上城,城东新城 ,明月嘉苑二区,"120.22368,30.288685",1,1
上城,城东新城 ,明月嘉苑一区,"120.224599,30.289143",1,1
上城,城东新城 ,明月嘉苑三区,"120.220966,30.288878",1,1
上城,城东新城 ,笕东嘉苑,"120.218393,30.303727",1,1
上城,城东新城 ,东祥元府,"120.226544,30.286408",1,1
上城,城东新城 ,远洋万和四季,"120.217186,30.300569",1,1
上城,城东新城 ,新中宇维萨,"120.225932,30.292304",1,1
上城,城东新城 ,滨江德信东方星城,"120.215668,30.30307",1,1
上城,城东新城 ,德信浙旅东宸,"120.218655,30.299652",1,1
上城,城东新城 ,信达东莱府,"120.226854,30.299349",1,1
上城,城东新城 ,钱江华府,"120.223892,30.282014",1,1
上城,城东新城 ,万科中央公园,"120.228258,30.29516",1,1
上城,城东新城 ,铂瑞悦府,"120.220891,30.298377",1,1
上城,城东新城 ,海尚观邸,"120.230336,30.298499",1,1
上城,城站,万新大厦,"120.17622,30.245038",1,1
上城,城站,通润银座,"120.17485,30.245221",1,1
上城,城站,水亭址5号,"120.173967,30.24299",1,1
上城,城站,水亭址22号,"120.173967,30.24355",1,1
上城,城站,直吉祥巷,"120.174595,30.239585",1,1
上城,城站,富春大厦,"120.17526,30.246936",1,1
上城,城站,金隆花园,"120.176181,30.246815",1,1
上城,城站,梅花碑,"120.175253,30.241514",1,1
上城,城站,信余里,"120.173882,30.241645",1,1
上城,城站,福利新村,"120.182488,30.243749",1,1
上城,城站,佑圣观路38号,"120.174768,30.240901",1,1
上城,城站,姚园寺巷,"120.179143,30.2409",1,1
上城,城站,佑圣观路44号,"120.174594,30.240142",1,1
上城,城站,义井巷,"120.17436,30.246297",1,1
上城,城站,三益里小区,"120.17463,30.244073",1,1
上城,城站,万科金色城品,"120.17326,30.245363",1,1
上城,城站,梅花三胜公寓,"120.174899,30.243552",1,1
上城,城站,五柳巷,"120.178856,30.241759",1,1
上城,复兴 ,十亩田家园,"120.159399,30.207224",1,1
上城,复兴 ,复兴北苑,"120.165617,30.210659",1,1
上城,复兴 ,紫花苑,"120.172483,30.213025",1,1
上城,复兴 ,民安苑,"120.15406,30.20432",1,1
上城,复兴 ,蓝江公寓,"120.171818,30.210321",1,1
上城,复兴 ,复兴东苑,"120.170938,30.2155",1,1
上城,复兴 ,清河家园,"120.157772,30.206375",1,1
上城,复兴 ,美政路,"120.151881,30.21374",1,1
上城,复兴 ,复兴南苑,"120.167733,30.20926",1,1
上城,复兴 ,美政花苑,"120.170453,30.211867",1,1
上城,复兴 ,好望角公寓,"120.159135,30.20472",1,1
上城,复兴 ,山南人家,"120.161886,30.210828",1,1
上城,复兴 ,白塔人家,"120.148725,30.204434",1,1
上城,复兴 ,海月花园,"120.16198,30.208478",1,1
上城,复兴 ,清怡花苑,"120.161067,30.20559",1,1
上城,复兴 ,钱塘雅苑,"120.172756,30.214732",1,1
上城,复兴 ,水澄花园北苑,"120.155947,30.205268",1,1
上城,复兴 ,复兴城市家园,"120.157055,30.208131",1,1
上城,复兴 ,六和源,"120.151494,30.203067",1,1
上城,复兴 ,金棕榈花园,"120.164039,30.207112",1,1
上城,复兴 ,水澄花园南苑,"120.154899,30.203133",1,1
上城,鼓楼 ,江城路415.417号,"120.173203,30.230149",1,1
上城,鼓楼 ,江城路322号,"120.17362,30.22986",1,1
上城,鼓楼 ,小剪刀弄,"120.176093,30.234433",1,1
上城,鼓楼 ,彩霞新村,"120.17174,30.232661",1,1
上城,鼓楼 ,平安里,"120.173918,30.228738",1,1
上城,鼓楼 ,白马庙巷,"120.170072,30.231252",1,1
上城,鼓楼 ,十五奎巷,"120.171674,30.238718",1,1
上城,鼓楼 ,直箭道巷,"120.171171,30.228832",1,1
上城,鼓楼 ,通江桥高层小区,"120.171676,30.233854",1,1
上城,鼓楼 ,茶啾弄,"120.169172,30.236432",1,1
上城,鼓楼 ,五圣堂,"120.171834,30.232871",1,1
上城,鼓楼 ,彩霞岭,"120.210792,30.246026",1,1
上城,鼓楼 ,皇城花苑,"120.17135,30.23282",1,1
上城,鼓楼 ,水门南弄,"120.175291,30.23058",1,1
上城,鼓楼 ,四牌楼,"120.167623,30.235859",1,1
上城,鼓楼 ,城隍牌楼巷,"120.170605,30.234766",1,1
上城,鼓楼 ,黄工厂弄,"120.171674,30.238718",1,1
上城,鼓楼 ,响水坝,"120.175673,30.233728",1,1
上城,鼓楼 ,勤远里,"120.169589,30.234557",1,1
上城,鼓楼 ,察院前巷,"120.169187,30.233383",1,1
上城,鼓楼 ,保安桥河下,"120.196778,30.10126",1,1
上城,鼓楼 ,上水陆寺巷,"120.175081,30.232527",1,1
上城,鼓楼 ,镇东楼,"120.173445,30.233871",1,1
上城,鼓楼 ,陆家河头小区,"120.17791,30.237105",1,1
上城,鼓楼 ,元宝心,"120.101159,30.239751",1,1
上城,鼓楼 ,云雀苑,"120.176603,30.234995",1,1
上城,鼓楼 ,建国南苑,"120.17651,30.237945",1,1
上城,鼓楼 ,袁井巷,"120.196778,30.10126",1,1
上城,鼓楼 ,六圣堂,"120.17188,30.232183",1,1
上城,鼓楼 ,抚宁巷,"120.170763,30.235849",1,1
上城,鼓楼 ,大马弄,"120.169191,30.235382",1,1
上城,鼓楼 ,保安桥直街,"120.172342,30.233135",1,1
上城,鼓楼 ,太庙巷,"120.170369,30.235364",1,1
上城,鼓楼 ,丁衙巷,"120.170369,30.235364",1,1
上城,鼓楼 ,候潮公寓,"120.173832,30.224322",1,1
上城,鼓楼 ,断河头,"120.175739,30.239286",1,1
上城,鼓楼 ,上陈家园,"120.175176,30.235304",1,1
上城,鼓楼 ,严官巷,"120.168944,30.232901",1,1
上城,鼓楼 ,过军桥河下,"120.196778,30.10126",1,1
上城,鼓楼 ,金狮苑,"120.174755,30.235134",1,1
上城,鼓楼 ,江城路393号,"120.173706,30.227761",1,1
上城,鼓楼 ,横吉祥巷,"120.171674,30.238718",1,1
上城,鼓楼 ,鼓楼花苑,"120.172602,30.236704",1,1
上城,鼓楼 ,望江公寓,"120.176106,30.236377",1,1
上城,鼓楼 ,百岁坊巷,"120.170369,30.235364",1,1
上城,鼓楼 ,河坊街小区,"120.171371,30.239857",1,1
上城,鼓楼 ,中山御庭,"120.170252,30.238295",1,1
上城,鼓楼 ,赛丽绿城丽园,"120.171974,30.228611",1,1
上城,鼓楼 ,高士坊巷,"120.196778,30.10126",1,1
上城,景芳,中豪凤起广场,"120.203022,30.264082",1,1
上城,景芳,新城时代广场,"120.212095,30.269429",1,1
上城,景芳,向江来时代中心,"120.22101,30.278145",1,1
上城,景芳,景苑公寓(江干),"120.210572,30.268864",1,1
上城,景芳,景芳新五区,"120.204185,30.269869",1,1
上城,景芳,景芳水湘苑,"120.21507,30.268574",1,1
上城,景芳,景芳六区,"120.209154,30.272251",1,1
上城,景芳,云河家园,"120.219109,30.279075",1,1
上城,景芳,景芳东区,"120.21507,30.268574",1,1
上城,景芳,景芳五区,"120.210646,30.268781",1,1
上城,景芳,景芳二区,"120.202882,30.268036",1,1
上城,景芳,景芳四区,"120.206775,30.272192",1,1
上城,景芳,景芳三区,"120.205329,30.268784",1,1
上城,景芳,景芳一区,"120.202718,30.266603",1,1
上城,景芳,广景苑,"120.205082,30.266033",1,1
上城,景芳,东城印象公寓,"120.208277,30.273353",1,1
上城,景芳,运新花苑三区,"120.227019,30.274368",1,1
上城,景芳,运新花苑一区,"120.204626,30.266314",1,1
上城,景芳,运新花苑五区,"120.210646,30.268781",1,1
上城,景芳,东润枫华,"120.216246,30.272689",1,1
上城,景芳,运新花苑二区,"120.202882,30.268036",1,1
上城,景芳,蔚蓝公寓,"120.210572,30.268864",1,1
上城,景芳,钱塘府,"120.206933,30.268522",1,1
上城,景芳,天阳凤起,"120.210792,30.246026",1,1
上城,景芳,玉润钱潮府,"120.212034,30.277538",1,1
上城,景芳,东方御府,"120.228314,30.273374",1,1
上城,景芳,融创涌清府,"120.21849,30.276102",1,1
上城,近江 ,尚筑金座,"120.192774,30.237682",1,1
上城,近江 ,郡亭公寓,"120.205953,30.231086",1,1
上城,近江 ,日信国际DOUBLE时代,"120.195421,30.235396",1,1
上城,近江 ,滨江家园,"120.205278,30.232992",1,1
上城,近江 ,临江风帆公寓,"120.203147,30.234731",1,1
上城,近江 ,恒丰坊,"120.201602,30.237025",1,1
上城,近江 ,耀江福村,"120.200029,30.234861",1,1
上城,近江 ,近江苑,"120.19814,30.238449",1,1
上城,近江 ,新城坊,"120.200575,30.235517",1,1
上城,近江 ,文华苑,"120.201394,30.234819",1,1
上城,近江 ,世纪坊,"120.205076,30.23177",1,1
上城,近江 ,望江家园西园,"120.187333,30.231642",1,1
上城,近江 ,在水一方公寓,"120.202521,30.234122",1,1
上城,近江 ,天福花园,"120.205705,30.234227",1,1
上城,近江 ,望江家园东园,"120.191767,30.232371",1,1
上城,近江 ,近江家园九园,"120.197668,30.235111",1,1
上城,近江 ,滨江新苑,"120.202942,30.233168",1,1
上城,近江 ,近江家园八园,"120.196193,30.23356",1,1
上城,近江 ,近江家园六园,"120.200493,30.233567",1,1
上城,近江 ,华龙家园,"120.2005,30.23734",1,1
上城,近江 ,钱塘人家,"120.202937,30.23665",1,1
上城,近江 ,南光坊,"120.202225,30.235623",1,1
上城,近江 ,婺江家园二园,"120.193396,30.236779",1,1
上城,近江 ,怡和苑,"120.203712,30.232697",1,1
上城,近江 ,怡和苑,"120.203712,30.232697",1,1
上城,近江 ,近江家园七园,"120.1976,30.233728",1,1
上城,近江 ,婺江家园三园,"120.196792,30.239897",1,1
上城,近江 ,鸥江公寓,"120.199022,30.236013",1,1
上城,近江 ,婺江家园四园,"120.196918,30.238669",1,1
上城,近江 ,婺江家园一园,"120.194169,30.235354",1,1
上城,近江 ,景江城市花园,"120.207069,30.232639",1,1
上城,近江 ,钱江苑,"120.198796,30.236591",1,1
上城,近江 ,近江家园一园,"120.203331,30.230372",1,1
上城,近江 ,近江家园三园,"120.201324,30.230624",1,1
上城,近江 ,近江家园五园,"120.201744,30.232858",1,1
上城,近江 ,近江家园四园,"120.199737,30.230459",1,1
上城,近江 ,近江家园二园,"120.20134,30.229268",1,1
上城,近江 ,钱江时代公寓,"120.205247,30.234843",1,1
上城,近江 ,富星苑,"120.199635,30.237346",1,1
上城,近江 ,滨江保利翡翠海岸,"120.194567,30.237483",1,1
上城,九堡 ,君合商务楼,"120.27926,30.304666",1,1
上城,九堡 ,地铁东城广场,"120.278529,30.311069",1,1
上城,九堡 ,亿龙商务楼,"120.279662,30.306872",1,1
上城,九堡 ,晨光绿苑北苑,"120.26865,30.311281",1,1
上城,九堡 ,蓝桥名苑,"120.277564,30.30451",1,1
上城,九堡 ,九堡东方公寓,"120.26739,30.30921",1,1
上城,九堡 ,头格江景家园二区,"120.303049,30.301167",1,1
上城,九堡 ,头格江景家园一区,"120.306864,30.300137",1,1
上城,九堡 ,鑫运时代金座,"120.272785,30.30791",1,1
上城,九堡 ,海景城花园,"120.284046,30.298285",1,1
上城,九堡 ,东华苑,"120.270287,30.304518",1,1
上城,九堡 ,蓝桥景苑,"120.278461,30.307633",1,1
上城,九堡 ,金雅苑社区,"120.280707,30.307828",1,1
上城,九堡 ,晨光绿苑南苑,"120.26865,30.311281",1,1
上城,九堡 ,新江花园,"120.273063,30.304546",1,1
上城,九堡 ,红苹果家园,"120.285125,30.304019",1,1
上城,九堡 ,华鸿汇盛德堡,"120.26001,30.314151",1,1
上城,九堡 ,锦江半岛,"120.272406,30.296876",1,1
上城,九堡 ,万科魅力之城,"120.257184,30.319997",1,1
上城,九堡 ,九月庭院,"120.286927,30.304247",1,1
上城,九堡 ,圆梦园锦江南苑,"120.272398,30.295712",1,1
上城,九堡 ,香滨湾花园,"120.268536,30.309295",1,1
上城,九堡 ,罗兰春天,"120.269883,30.326234",1,1
上城,九堡 ,左邻右舍,"120.284843,30.194331",1,1
上城,九堡 ,郡原九润公寓,"120.26778,30.325353",1,1
上城,九堡 ,阳光景台公寓,"120.272684,30.297649",1,1
上城,九堡 ,大家多立方,"120.264705,30.320165",1,1
上城,九堡 ,中兴九洲芳园,"120.282704,30.304032",1,1
上城,九堡 ,德信金泊林公寓,"120.282831,30.302891",1,1
上城,九堡 ,昆盛肖邦,"120.2833,30.313691",1,1
上城,九堡 ,海棠公寓,"120.261267,30.318266",1,1
上城,九堡 ,圣奥领寓,"120.280686,30.303159",1,1
上城,九堡 ,圆梦园,"120.272406,30.296876",1,1
上城,九堡 ,郡原相江公寓,"120.285899,30.298592",1,1
上城,九堡 ,天阳九筑,"120.259862,30.322298",1,1
上城,九堡 ,远洋心里,"120.244927,30.307498",1,1
上城,九堡 ,万科紫台,"120.241932,30.306899",1,1
上城,九堡 ,宋都阳光国际,"120.274189,30.295068",1,1
上城,九堡 ,阳光城普升,"120.243999,30.309904",1,1
上城,九堡 ,中国铁建国际花园,"120.244518,30.311562",1,1
上城,九堡 ,泊林印象,"120.288079,30.307667",1,1
上城,九堡 ,康恒悦麒美寓,"120.277601,30.296073",1,1
上城,九堡 ,保利梧桐语,"120.247282,30.312232",1,1
上城,九堡 ,滨江铂金海岸,"120.284564,30.296545",1,1
上城,南肖埠 ,广茵大厦,"120.193145,30.262989",1,1
上城,南肖埠 ,新城市广场,"120.199745,30.261391",1,1
上城,南肖埠 ,紫晶商务城,"120.191438,30.258117",1,1
上城,南肖埠 ,百大绿城西子国际,"120.204048,30.258372",1,1
上城,南肖埠 ,凯旋路168号,"120.191002,30.260512",1,1
上城,南肖埠 ,凤起东路,"120.197547,30.261652",1,1
上城,南肖埠 ,妇保宿舍,"120.197545,30.25785",1,1
上城,南肖埠 ,凯旋路166号,"120.191027,30.260281",1,1
上城,南肖埠 ,太平门直街28-3号,"120.194732,30.259334",1,1
上城,南肖埠 ,火电宿舍,"120.197762,30.258212",1,1
上城,南肖埠 ,采荷绿萍,"120.196965,30.26184",1,1
上城,南肖埠 ,华家池,"120.194008,30.26151",1,1
上城,南肖埠 ,南肖埠社区,"120.19793,30.261776",1,1
上城,南肖埠 ,南肖埠北景东苑,"120.199467,30.262816",1,1
上城,南肖埠 ,华家池农药厂宿舍金兰池社区,"120.19308,30.261553",1,1
上城,南肖埠 ,汇鑫枫景苑,"120.201612,30.26122",1,1
上城,南肖埠 ,凯旋路184号,"120.190903,30.262124",1,1
上城,南肖埠 ,金兰池公寓,"120.193865,30.2609",1,1
上城,南肖埠 ,南肖埠北景西苑,"120.192869,30.262257",1,1
上城,南肖埠 ,凯旋路174号,"120.191058,30.261205",1,1
上城,南肖埠 ,凯旋路188号,"120.190671,30.259079",1,1
上城,南肖埠 ,庆春东路62号院,"120.193757,30.258188",1,1
上城,南肖埠 ,南肖埠小区庆春苑,"120.190883,30.259458",1,1
上城,南肖埠 ,三叉新村,"120.202315,30.262486",1,1
上城,南肖埠 ,南肖埠景和苑,"120.198585,30.26077",1,1
上城,南肖埠 ,庆春东路66-15号,"120.194105,30.258383",1,1
上城,南肖埠 ,青春都市公寓,"120.199344,30.25956",1,1
上城,南肖埠 ,南肖埠庆和苑,"120.193637,30.259062",1,1
上城,南肖埠 ,南肖埠御景苑,"120.197824,30.259166",1,1
上城,钱江新城 ,钱塘航空大厦,"120.208631,30.237472",1,1
上城,钱江新城 ,钱江国际时代广场,"120.206225,30.240299",1,1
上城,钱江新城 ,尊宝大厦,"120.207811,30.238776",1,1
上城,钱江新城 ,东方君悦,"120.220203,30.251248",1,1
上城,钱江新城 ,杭州来福士中心,"120.212488,30.248524",1,1
上城,钱江新城 ,和谐嘉园东苑,"120.210435,30.253656",1,1
上城,钱江新城 ,和谐嘉园北苑,"120.210435,30.253656",1,1
上城,钱江新城 ,万象城悦玺,"120.216522,30.253128",1,1
上城,钱江新城 ,钱江四苑,"120.213449,30.259779",1,1
上城,钱江新城 ,钱江七苑,"120.198796,30.236591",1,1
上城,钱江新城 ,钱江六苑,"120.198796,30.236591",1,1
上城,钱江新城 ,钱江四苑东区,"120.214156,30.259719",1,1
上城,钱江新城 ,钱江三苑,"120.213765,30.257937",1,1
上城,钱江新城 ,钱江一苑,"120.217057,30.259496",1,1
上城,钱江新城 ,水岸帝景,"120.22458,30.255446",1,1
上城,钱江新城 ,新城国际和园,"120.216444,30.255999",1,1
上城,钱江新城 ,盛世钱塘,"120.221642,30.259327",1,1
上城,钱江新城 ,金基晓庐,"120.219594,30.257961",1,1
上城,钱江新城 ,中海御道,"120.232818,30.269348",1,1
上城,钱江新城 ,万象城悦府,"120.216522,30.253128",1,1
上城,钱江新城 ,绿城留香园,"120.229743,30.272593",1,1
上城,钱江新城 ,滨江城市之星,"120.208901,30.237322",1,1
上城,钱江新城 ,万科大都会79号,"120.230311,30.26636",1,1
上城,钱江新城 ,东方润园,"120.221872,30.253657",1,1
上城,钱江新城 ,中海钱江湾,"120.234425,30.26982",1,1
上城,钱江新城 ,东方润园,"120.221872,30.253657",1,1
上城,钱江新城 ,中海钱江湾,"120.234425,30.26982",1,1
上城,乔司,乔司商贸苑,"120.293124,30.34704",1,1
上城,乔司,兴安公寓,"120.291944,30.349097",1,1
上城,乔司,翁梅新苑三区,"120.303254,30.367844",1,1
上城,乔司,意法轻纺城,"120.27894,30.322061",1,1
上城,乔司,东冠逸家,"120.290217,30.346407",1,1
上城,乔司,紫晶时代,"120.292032,30.347805",1,1
上城,乔司,丰惠家园,"120.291216,30.354776",1,1
上城,乔司,新街社区,"120.291395,30.349347",1,1
上城,乔司,东城丽景,"120.289297,30.354519",1,1
上城,乔司,复地连城国际,"120.287281,30.334341",1,1
上城,乔司,东冠逸景花苑,"120.289344,30.345887",1,1
上城,乔司,东田怡丰城,"120.297185,30.366807",1,1
上城,乔司,风景晨园,"120.297371,30.368328",1,1
上城,乔司,朗诗未来街区,"120.302722,30.363357",1,1
上城,乔司,朗诗未来街区东园,"120.303219,30.36286",1,1
上城,乔司,佳兆业君汇上品,"120.292797,30.333361",1,1
上城,乔司,阳光绿色雅苑,"120.281297,30.346197",1,1
上城,七堡 ,东都公寓,"120.265181,30.302301",1,1
上城,七堡 ,汇隆风林公寓,"120.263253,30.30184",1,1
上城,七堡 ,汇铂金座,"120.246618,30.296509",1,1
上城,七堡 ,招商雍华府,"120.248684,30.298603",1,1
上城,七堡 ,世茂东壹号,"120.24753,30.302088",1,1
上城,七堡 ,招商武林郡,"120.25638,30.305232",1,1
上城,七堡 ,越秀亲爱里,"120.256677,30.303372",1,1
上城,七堡 ,雍泽府,"120.248974,30.298744",1,1
上城,七堡 ,交通晓时代,"120.245577,30.301381",1,1
上城,七堡 ,绿城杨柳郡,"120.23819,30.300585",1,1
上城,七堡 ,汇港城,"120.243634,30.299303",1,1
上城,清波,万松岭路84号,"120.166489,30.226015",1,1
上城,清波,中山苑,"120.17178,30.242124",1,1
上城,清波,惠民路,"120.167499,30.242567",1,1
上城,清波,惠民苑小区,"120.171551,30.243676",1,1
上城,清波,柳翠井巷,"120.171512,30.242019",1,1
上城,清波,火药局弄49号,"120.210792,30.246026",1,1
上城,清波,西府局,"120.167041,30.243115",1,1
上城,清波,清波门外,"120.158148,30.23727",1,1
上城,清波,三元地,"120.167402,30.242548",1,1
上城,清波,火药局弄29号,"120.210792,30.246026",1,1
上城,清波,华光路,"120.16659,30.240937",1,1
上城,清波,光复路,"120.164732,30.260075",1,1
上城,清波,河坊街,"120.172443,30.240081",1,1
上城,清波,东太平巷,"120.168141,30.240801",1,1
上城,清波,太平坊巷,"120.169725,30.242103",1,1
上城,清波,定安东苑,"120.170085,30.244576",1,1
上城,清波,十三湾巷,"120.1678,30.241812",1,1
上城,清波,后市街,"120.210792,30.246026",1,1
上城,清波,祠堂巷,"120.170463,30.240996",1,1
上城,清波,定安路44号,"120.166714,30.244352",1,1
上城,清波,水沟巷,"119.397153,30.186113",1,1
上城,清波,西湖大道261、263、265号,"120.163178,30.245471",1,1
上城,清波,定安苑,"120.167061,30.243931",1,1
上城,清波,柳浪阁,"120.160002,30.237844",1,1
上城,清波,由义弄,"120.168465,30.24118",1,1
上城,清波,四宜路14号,"120.16188,30.23544",1,1
上城,清波,四宜亭50号,"120.163433,30.235141",1,1
上城,清波,孝子坊,"120.159451,30.23815",1,1
上城,清波,红门局7、9号,"120.164801,30.244798",1,1
上城,清波,景云村小区,"120.160895,30.241909",1,1
上城,清波,吴山人家,"120.161003,30.2414",1,1
上城,清波,劳动路,"120.160143,30.242452",1,1
上城,清波,柳浪新苑,"120.160173,30.239033",1,1
上城,清波,四条巷,"120.160375,30.238803",1,1
上城,清波,清波街,"120.160347,30.237969",1,1
上城,清波,三衙前,"120.159339,30.240798",1,1
上城,清波,源茂里,"120.210792,30.246026",1,1
上城,清波,清波新村,"120.159054,30.236691",1,1
上城,清波,荷花池头,"120.159462,30.241527",1,1
上城,清波,耀江广厦,"120.165501,30.245222",1,1
上城,清波,涌金花园,"120.161933,30.245096",1,1
上城,清波,清波苑,"120.163921,30.245036",1,1
上城,清波,西湖定安名都,"120.168037,30.245494",1,1
上城,清波,柳浪东苑,"120.160625,30.240267",1,1
上城,清波,西湖八号公馆,"120.161404,30.238826",1,1
上城,清波,广宇吴山鸣翠苑,"120.161088,30.235342",1,1
上城,清波,中大吴庄,"120.161482,30.237085",1,1
上城,清泰 ,丰禾巷,"120.175677,30.248804",1,1
上城,清泰 ,丰家兜10号,"120.174026,30.249204",1,1
上城,清泰 ,大东山弄,"120.175304,30.247809",1,1
上城,清泰 ,小塔儿巷1-15号,"120.17379,30.250646",1,1
上城,清泰 ,宣徐弄8.11号,"120.174556,30.255448",1,1
上城,清泰 ,状元弄,"120.174516,30.247752",1,1
上城,清泰 ,马市街,"120.177367,30.255745",1,1
上城,清泰 ,南班巷,"120.176378,30.246929",1,1
上城,清泰 ,下华光巷70号,"120.17254,30.25336",1,1
上城,清泰 ,龙华巷4到11号,"120.172713,30.253933",1,1
上城,清泰 ,森仁里1-3号,"120.173971,30.254519",1,1
上城,清泰 ,小营公园,"120.176975,30.252528",1,1
上城,清泰 ,丰家兜,"120.174026,30.249204",1,1
上城,清泰 ,丰家兜12号,"120.174026,30.249204",1,1
上城,清泰 ,直大方伯,"120.178189,30.25372",1,1
上城,清泰 ,严衙弄,"120.17675,30.247959",1,1
上城,清泰 ,上八界巷2-6号,"120.173526,30.25656",1,1
上城,清泰 ,黄醋园,"120.176875,30.254002",1,1
上城,清泰 ,乌龙巷,"120.210792,30.246026",1,1
上城,清泰 ,清吟街89-119号,"120.175322,30.253721",1,1
上城,清泰 ,银枪新村,"120.178139,30.252341",1,1
上城,清泰 ,大塔儿巷,"120.173442,30.252466",1,1
上城,清泰 ,大王庙巷小区,"120.176954,30.255946",1,1
上城,清泰 ,孝友里,"120.173174,30.256646",1,1
上城,清泰 ,民生路,"120.175402,30.247046",1,1
上城,清泰 ,民权路,"120.176378,30.246929",1,1
上城,清泰 ,皮市巷,"120.175215,30.256608",1,1
上城,清泰 ,紫金观巷,"120.173948,30.256293",1,1
上城,清泰 ,冯山人巷,"120.175679,30.2567",1,1
上城,清泰 ,永宁院,"120.175966,30.253303",1,1
上城,清泰 ,皇诰巷,"120.172598,30.257294",1,1
上城,清泰 ,东河家园,"120.178725,30.251937",1,1
上城,清泰 ,万安城市花园西苑,"120.178972,30.254944",1,1
上城,清泰 ,丰乐公寓,"120.175412,30.248182",1,1
上城,清泰 ,小营民居,"120.177846,30.253282",1,1
上城,清泰 ,雪峰清泰花苑,"120.178336,30.248608",1,1
上城,四季青 ,兴隆东村,"120.194731,30.258741",1,1
上城,四季青 ,居安坊,"120.201336,30.240854",1,1
上城,四季青 ,静怡花苑,"120.200361,30.243652",1,1
上城,四季青 ,海潮路85号,"120.185488,30.238339",1,1
上城,四季青 ,思安坊,"120.199868,30.24203",1,1
上城,四季青 ,始板桥新村,"120.184039,30.24031",1,1
上城,四季青 ,甘王路5号,"120.191939,30.241374",1,1
上城,四季青 ,怡静坊,"120.203871,30.243042",1,1
上城,四季青 ,观音塘小区,"120.203315,30.244219",1,1
上城,四季青 ,望江新丰苑,"120.192754,30.243262",1,1
上城,四季青 ,莫邪塘西村,"120.190859,30.241359",1,1
上城,四季青 ,常青公寓,"120.204956,30.2456",1,1
上城,四季青 ,清江路82-4号,"120.189044,30.245559",1,1
上城,四季青 ,凯旋路34号,"120.189179,30.247425",1,1
上城,四季青 ,清江花园,"120.195151,30.24272",1,1
上城,四季青 ,兴隆西村,"120.188701,30.241695",1,1
上城,四季青 ,静安花苑,"120.201274,30.243021",1,1
上城,四季青 ,锦都世家,"120.193655,30.243286",1,1
上城,四季青 ,清泰南苑,"120.187297,30.245218",1,1
上城,四季青 ,莫邪塘东村,"120.189911,30.243717",1,1
上城,四季青 ,新丰新村,"120.19131,30.244053",1,1
上城,四季青 ,始板桥东村,"120.1855,30.238311",1,1
上城,四季青 ,甘王路18号,"120.192775,30.241902",1,1
上城,四季青 ,采荷街道商教苑社区,"120.191733,30.247126",1,1
上城,四季青 ,夕照新村,"120.195188,30.245101",1,1
上城,四季青 ,甘王新村,"120.191934,30.242704",1,1
上城,四季青 ,清江路196号,"120.197556,30.242309",1,1
上城,四季青 ,近江新村,"120.192775,30.241902",1,1
上城,四季青 ,凯旋路36号,"120.189179,30.247425",1,1
上城,四季青 ,莫邪塘北村,"120.188698,30.244161",1,1
上城,四季青 ,莫邪塘南村,"120.189777,30.242456",1,1
上城,四季青 ,常青苑,"120.204956,30.2456",1,1
上城,望江,望江新园二园,"120.187185,30.23661",1,1
上城,望江,望江新园一园,"120.1849,30.234728",1,1
上城,望江,望江新园三园,"120.185354,30.236897",1,1
上城,望江,海潮雅园一园,"120.182115,30.232689",1,1
上城,西湖景区,笤帚湾,"120.169357,30.220088",1,1
上城,西湖景区,宋城路,"120.210792,30.246026",1,1
上城,西湖景区,凤凰新村,"120.168658,30.224857",1,1
上城,西湖景区,凤凰山脚路,"120.168488,30.222863",1,1
上城,西湖景区,凤山新村,"120.169472,30.223099",1,1
上城,星桥 ,藕花洲大街西段623号,"120.25247,30.39281",1,1
上城,星桥 ,汤家锦绣公寓三区,"120.24516,30.40486",1,1
上城,星桥 ,广厦天都城天湖苑,"120.244618,30.387687",1,1
上城,星桥 ,桐鹤名苑二区,"120.259366,30.380337",1,1
上城,星桥 ,兴耀锦里,"120.256464,30.388871",1,1
上城,星桥 ,广厦天都城天风苑,"120.248412,30.388963",1,1
上城,星桥 ,桐鹤名苑一区,"120.261417,30.382506",1,1
上城,星桥 ,星雅嘉园逸品苑,"120.253702,30.38944",1,1
上城,星桥 ,太平家园,"120.263677,30.398664",1,1
上城,星桥 ,星润大厦,"120.262659,30.381852",1,1
上城,星桥 ,广厦天都城天月苑,"120.249413,30.385727",1,1
上城,星桥 ,广厦天都城天泉苑,"120.245265,30.384547",1,1
上城,星桥 ,黄鹤山居,"120.260144,30.399747",1,1
上城,星桥 ,星雅嘉园逸景苑,"120.253446,30.390145",1,1
上城,星桥 ,悦泽公寓,"120.254351,30.387992",1,1
上城,星桥 ,惠都家园,"120.268148,30.397231",1,1
上城,星桥 ,汤家锦绣公寓二期,"120.250984,30.398636",1,1
上城,星桥 ,五月花城,"120.269534,30.401452",1,1
上城,星桥 ,王家堰40号,"120.257179,30.393226",1,1
上城,星桥 ,广厦天都城天水苑,"120.247497,30.380559",1,1
上城,星桥 ,华艺星座,"120.253136,30.394214",1,1
上城,星桥 ,美好桂花金座,"120.253735,30.391037",1,1
上城,星桥 ,广厦天都城爵士花园,"120.244165,30.377447",1,1
上城,星桥 ,嘉和银领时代,"120.261612,30.395666",1,1
上城,星桥 ,广厦天都城天星苑,"120.250205,30.381835",1,1
上城,星桥 ,枫桥庭,"120.250998,30.376424",1,1
上城,星桥 ,星运丽园,"120.11917,30.332248",1,1
上城,星桥 ,广厦天都城天河苑,"120.246723,30.387434",1,1
上城,星桥 ,广厦天都城紫韵公寓,"120.250316,30.379886",1,1
上城,星桥 ,擎天半岛,"120.271859,30.399907",1,1
上城,星桥 ,桂花星座,"120.263184,30.384598",1,1
上城,星桥 ,绿城紫桂公寓,"120.256576,30.398429",1,1
上城,星桥 ,广厦天都城爱尚公寓,"120.245763,30.381602",1,1
上城,星桥 ,星桥桂花城,"120.267633,30.396144",1,1
上城,星桥 ,滨沁公寓,"120.252159,30.388146",1,1
上城,星桥 ,瑞金华庭嘉苑,"120.26143,30.39798",1,1
上城,星桥 ,瑞金华翠嘉苑,"120.254791,30.394817",1,1
上城,星桥 ,瑞金华丽嘉苑,"120.25342,30.392431",1,1
上城,星桥 ,广厦天都城温莎苑,"120.242496,30.386485",1,1
上城,星桥 ,通和十二橡树,"120.251025,30.396186",1,1
上城,星桥 ,经纬美耀湾,"120.254067,30.397831",1,1
上城,星桥 ,学成府,"120.260545,30.391113",1,1
上城,星桥 ,星运丽园兰逸,"120.265482,30.39484",1,1
上城,星桥 ,广厦爱丽山庄,"120.240907,30.388489",1,1
上城,雄镇楼 ,抽分厂路,"120.210792,30.246026",1,1
上城,雄镇楼 ,北落马营,"120.210792,30.246026",1,1
上城,雄镇楼 ,江城路216号,"120.173915,30.224637",1,1
上城,雄镇楼 ,南星公寓,"120.174559,30.222277",1,1
上城,雄镇楼 ,永昌坝,"120.17689,30.232576",1,1
上城,雄镇楼 ,城南家园,"120.175605,30.225206",1,1
上城,雄镇楼 ,候潮路37号,"120.174888,30.226326",1,1
上城,雄镇楼 ,北落马营6号,"120.176092,30.227794",1,1
上城,雄镇楼 ,江城路18号,"120.174449,30.219744",1,1
上城,雄镇楼 ,太平巷16号,"120.174706,30.220344",1,1
上城,雄镇楼 ,江城路243号,"120.17302,30.225491",1,1
上城,雄镇楼 ,凤山路79号,"120.173105,30.220509",1,1
上城,雄镇楼 ,江枫苑,"120.175598,30.223842",1,1
上城,雄镇楼 ,凤山花苑,"120.172753,30.224796",1,1
上城,雄镇楼 ,柴校坊,"120.176337,30.221448",1,1
上城,雄镇楼 ,新工新村,"120.177094,30.222443",1,1
上城,雄镇楼 ,二凉亭,"120.210792,30.246026",1,1
上城,雄镇楼 ,南瓦坊,"120.175332,30.22005",1,1
上城,雄镇楼 ,兴加儿巷,"120.171325,30.22621",1,1
上城,雄镇楼 ,太平巷33-34号,"120.174787,30.220013",1,1
上城,雄镇楼 ,金都华府,"120.177177,30.22783",1,1
西湖,翠苑,翠苑二区北区,"120.12087,30.29017",1,1
西湖,翠苑,中竹大厦公寓,"120.119704,30.288261",1,1
西湖,翠苑,华星路97号院,"120.122123,30.278566",1,1
西湖,翠苑,翠苑三区,"120.12087,30.29017",1,1
西湖,翠苑,翠苑四区,"120.12087,30.29017",1,1
西湖,翠苑,万塘路300号,"120.124411,30.28118",1,1
西湖,翠苑,天苑花园,"120.126756,30.289806",1,1
西湖,翠苑,翠苑新村五区,"120.1273,30.285545",1,1
西湖,翠苑,翠苑二区,"120.12087,30.29017",1,1
西湖,翠苑,翠苑东四区,"120.12087,30.29017",1,1
西湖,翠苑,翠苑逸景湾,"120.121474,30.292725",1,1
西湖,翠苑,文三路404号,"120.210792,30.246026",1,1
西湖,翠苑,华星路88号,"120.123184,30.279507",1,1
西湖,翠苑,华星公寓,"120.086134,30.253104",1,1
西湖,翠苑,翠锦苑,"120.128002,30.292046",1,1
西湖,翠苑,翠苑四区南园,"120.12789,30.28557",1,1
西湖,翠苑,翠苑一区,"120.12789,30.28557",1,1
西湖,翠苑,翠苑佳居,"120.123586,30.29306",1,1
西湖,翠苑,文三路402号院,"120.210792,30.246026",1,1
西湖,翠苑,文菁花苑,"120.127802,30.291179",1,1
西湖,翠苑,西湖区教师公寓,"120.018072,30.204755",1,1
西湖,翠苑,明珠公寓,"120.127802,30.291179",1,1
西湖,翠苑,学苑春晓,"120.121316,30.291057",1,1
西湖,翠苑,学院路99号,"120.210792,30.246026",1,1
西湖,翠苑,景城花园,"120.12748,30.27852",1,1
西湖,翠苑,枫华府第,"120.210792,30.246026",1,1
西湖,古荡 ,龙都大厦,"120.11892,30.27235",1,1
西湖,古荡 ,康新花园,"120.120527,30.275835",1,1
西湖,古荡 ,塘苗路28号,"120.12129,30.27414",1,1
西湖,古荡 ,亚洲城花园,"120.111927,30.275003",1,1
西湖,古荡 ,文三西路29号,"120.11151,30.27601",1,1
西湖,古荡 ,古荡新村东区,"120.118975,30.27444",1,1
西湖,古荡 ,古荡新村西区,"120.114749,30.274016",1,1
西湖,古荡 ,文三路559号,"120.121436,30.275634",1,1
西湖,古荡 ,华远大厦,"120.118696,30.276739",1,1
西湖,古荡 ,文三路567号,"120.120527,30.275835",1,1
西湖,古荡 ,天目山路338号,"120.121879,30.27299",1,1
西湖,古荡 ,学院路59号,"120.128924,30.273882",1,1
西湖,古荡 ,西溪路536号,"120.114272,30.270583",1,1
西湖,古荡 ,黄龙公寓,"120.111285,30.273967",1,1
西湖,古荡 ,西溪路517号,"120.115958,30.269855",1,1
西湖,古荡 ,西溪路505号,"120.11671,30.27106",1,1
西湖,古荡 ,西溪路509号,"120.11654,30.270611",1,1
西湖,古荡 ,中兴文都苑,"120.125012,30.275568",1,1
西湖,古荡 ,万塘路26号,"120.124935,30.273705",1,1
西湖,古荡 ,中融城市花园,"120.128191,30.272691",1,1
西湖,古荡 ,天目山路,"120.121768,30.27324",1,1
西湖,黄龙 ,聚丰公寓,"120.134888,30.267653",1,1
西湖,黄龙 ,庆丰新村,"120.127076,30.269527",1,1
西湖,黄龙 ,天目山路95号,"120.146689,30.271635",1,1
西湖,黄龙 ,西溪路403号,"120.127482,30.26805",1,1
西湖,黄龙 ,古荡桥,"120.114222,30.272518",1,1
西湖,黄龙 ,绿城丁香公寓,"120.131678,30.270905",1,1
西湖,黄龙 ,曙光路121号,"120.13159,30.25592",1,1
西湖,黄龙 ,曙光路123号,"120.13162,30.2557",1,1
西湖,黄龙 ,玉古路167.171号,"120.128242,30.267596",1,1
西湖,黄龙 ,天目山路101号,"120.14397,30.2714",1,1
西湖,黄龙 ,曙光路139号,"120.131316,30.254116",1,1
西湖,黄龙 ,达盟山庄商务公寓,"120.151066,30.261998",1,1
西湖,黄龙 ,西溪路22-97号,"120.145261,30.268606",1,1
西湖,黄龙 ,浙大新村,"120.134888,30.267653",1,1
西湖,黄龙 ,沿山河新村,"120.145567,30.269939",1,1
西湖,黄龙 ,保俶路,"120.134888,30.267653",1,1
西湖,黄龙 ,曙光新村,"120.134888,30.267653",1,1
西湖,黄龙 ,外东山弄,"120.129034,30.259332",1,1
西湖,黄龙 ,体育场路472号,"120.153809,30.270624",1,1
西湖,黄龙 ,跑马场巷,"120.139611,30.269872",1,1
西湖,黄龙 ,里东山弄,"120.130435,30.2551",1,1
西湖,黄龙 ,胜利新村,"120.134888,30.267653",1,1
西湖,黄龙 ,曙光路三弄,"120.131924,30.256052",1,1
西湖,黄龙 ,杭大新村,"120.142837,30.270241",1,1
西湖,黄龙 ,栖霞岭,"120.134267,30.253601",1,1
西湖,黄龙 ,弥陀寺路,"120.149437,30.265501",1,1
西湖,黄龙 ,桃园新村,"120.145546,30.264604",1,1
西湖,黄龙 ,体育场路468号,"120.153797,30.270591",1,1
西湖,黄龙 ,杭大路38号,"120.141797,30.269251",1,1
西湖,黄龙 ,曙光路,"120.131558,30.257137",1,1
西湖,黄龙 ,友谊新村,"120.134888,30.267653",1,1
西湖,黄龙 ,仁寿山,"120.128701,30.254981",1,1
西湖,黄龙 ,环城西路83号,"120.154583,30.271466",1,1
西湖,黄龙 ,环城西路83号,"120.154583,30.271466",1,1
西湖,黄龙 ,王家弄,"120.14752,30.268079",1,1
西湖,黄龙 ,求是村,"119.877514,30.375468",1,1
西湖,黄龙 ,金祝新村,"120.150812,30.270795",1,1
西湖,黄龙 ,桃花弄,"120.149654,30.269264",1,1
西湖,黄龙 ,体育场路557号,"120.14902,30.26735",1,1
西湖,黄龙 ,青芝坞,"120.121404,30.258099",1,1
西湖,黄龙 ,松溪公寓,"120.134888,30.267653",1,1
西湖,黄龙 ,罗马公寓,"120.134888,30.267653",1,1
西湖,黄龙 ,保俶小区,"120.146704,30.266272",1,1
西湖,黄龙 ,松木场河西,"120.147717,30.269741",1,1
西湖,黄龙 ,宝石二路8号,"120.144383,30.263693",1,1
西湖,黄龙 ,体育场路523号,"120.15156,30.26824",1,1
西湖,黄龙 ,松木场河东,"120.147717,30.269741",1,1
西湖,黄龙 ,体育场路466号,"120.154037,30.270924",1,1
西湖,黄龙 ,宝石新村,"120.14739,30.264046",1,1
西湖,黄龙 ,铁路新村,"120.144939,30.26812",1,1
西湖,黄龙 ,黄龙雅苑,"120.138192,30.26924",1,1
西湖,黄龙 ,曙光路17号,"120.146489,30.266815",1,1
西湖,黄龙 ,金祝花园,"120.152004,30.269924",1,1
西湖,黄龙 ,曙光公寓,"120.134888,30.267653",1,1
西湖,黄龙 ,宝石一路2号,"120.148119,30.264094",1,1
西湖,黄龙 ,绿园,"120.129192,30.265502",1,1
西湖,黄龙 ,宝石山下5弄20号,"120.149285,30.263192",1,1
西湖,嘉绿 ,文一西路77号,"120.114339,30.287058",1,1
西湖,嘉绿 ,文三西路30号,"120.117471,30.276856",1,1
西湖,嘉绿 ,富丽苑,"120.111974,30.276599",1,1
西湖,嘉绿 ,和悦公寓,"120.11703,30.277085",1,1
西湖,嘉绿 ,桃源春居,"120.113085,30.291176",1,1
西湖,嘉绿 ,物华小区,"120.109543,30.291501",1,1
西湖,嘉绿 ,西苑小区(西湖),"120.155266,30.36676",1,1
西湖,嘉绿 ,文苑小区,"120.111834,30.290613",1,1
西湖,嘉绿 ,莲花港家园,"120.109029,30.290096",1,1
西湖,嘉绿 ,嘉绿北苑,"120.118057,30.280837",1,1
西湖,嘉绿 ,嘉绿福苑,"120.114747,30.281576",1,1
西湖,嘉绿 ,嘉绿莲苑,"120.116893,30.281372",1,1
西湖,嘉绿 ,南都银座公寓,"120.112866,30.281575",1,1
西湖,嘉绿 ,嘉绿青苑,"120.115562,30.278395",1,1
西湖,嘉绿 ,嘉绿文苑,"120.115838,30.277029",1,1
西湖,嘉绿 ,嘉绿西苑,"120.110865,30.279808",1,1
西湖,嘉绿 ,嘉绿名苑,"120.113736,30.280414",1,1
西湖,嘉绿 ,嘉绿南苑,"120.097238,30.269476",1,1
西湖,嘉绿 ,益乐路20号,"120.116405,30.278096",1,1
西湖,嘉绿 ,文三西路156号,"120.113414,30.276537",1,1
西湖,嘉绿 ,毛家桥公寓,"120.115837,30.285223",1,1
西湖,嘉绿 ,世纪新城东区,"120.115632,30.283357",1,1
西湖,嘉绿 ,益乐路58号,"120.114279,30.281013",1,1
西湖,嘉绿 ,世纪新城西区,"120.112907,30.283268",1,1
西湖,嘉绿 ,滨江金色蓝庭,"120.116921,30.288326",1,1
西湖,嘉绿 ,龙湖唐宁ONE,"120.118023,30.285918",1,1
西湖,九莲 ,世贸丽晶城欧美中心,"120.137051,30.273518",1,1
西湖,九莲 ,黄姑山路22号,"120.134242,30.275009",1,1
西湖,九莲 ,黄姑山庄,"120.134474,30.274828",1,1
西湖,九莲 ,欣园居,"120.133265,30.278048",1,1
西湖,九莲 ,国际花园,"120.133265,30.278048",1,1
西湖,九莲 ,华门世家,"120.133265,30.278048",1,1
西湖,九莲 ,教工路79号,"120.134639,30.28056",1,1
西湖,九莲 ,影业路,"120.133265,30.278048",1,1
西湖,九莲 ,伟星公寓,"120.133265,30.278048",1,1
西湖,九莲 ,教工路52号,"120.136714,30.275951",1,1
西湖,九莲 ,九莲新村,"120.131892,30.278118",1,1
西湖,九莲 ,教工路65号院,"120.135525,30.279787",1,1
西湖,九莲 ,启真名苑,"120.133265,30.278048",1,1
西湖,九莲 ,世贸丽晶城,"120.137558,30.273256",1,1
西湖,留下 ,人和家园,"120.042043,30.239311",1,1
西湖,留下 ,九月森林,"120.042177,30.218846",1,1
西湖,文教 ,文欣商务楼,"120.137602,30.28287",1,1
西湖,文教 ,华门商务中心,"120.135106,30.28375",1,1
西湖,文教 ,翠苑东二区,"120.126852,30.288183",1,1
西湖,文教 ,影业路8号,"120.13485,30.28108",1,1
西湖,文教 ,杭房揽翠,"120.131949,30.290429",1,1
西湖,文教 ,新德雅公寓,"120.135407,30.290961",1,1
西湖,文教 ,西溪河下76号,"119.938059,30.043231",1,1
西湖,文教 ,文二路44号,"120.143679,30.283753",1,1
西湖,文教 ,莫干山路613号,"120.14262,30.29224",1,1
西湖,文教 ,教工路93号,"120.135169,30.281304",1,1
西湖,文教 ,华门自由21世纪,"120.135211,30.291542",1,1
西湖,文教 ,文二路36号,"120.145592,30.284153",1,1
西湖,文教 ,保俶北路99号,"120.1416,30.28742",1,1
西湖,文教 ,莫干山路633号,"120.141231,30.292706",1,1
西湖,文教 ,文二路168号,"120.137769,30.284025",1,1
西湖,文教 ,文二路66号,"120.14254,30.28361",1,1
西湖,文教 ,莫干山路599号,"120.143256,30.291625",1,1
西湖,文教 ,莫干山路347号,"120.148609,30.282704",1,1
西湖,文教 ,华立金顶苑,"120.145144,30.286935",1,1
西湖,文教 ,兴财名都苑,"120.142735,30.286469",1,1
西湖,文教 ,德雅花园,"120.135552,30.290197",1,1
西湖,文教 ,文一路93号,"120.142374,30.288685",1,1
西湖,文教 ,莫干山路605号,"120.142696,30.2918",1,1
西湖,文教 ,梅苑阁小区,"120.143562,30.287658",1,1
西湖,文教 ,文二路58号,"120.143177,30.283566",1,1
西湖,文教 ,莫干山路515号,"120.144871,30.288548",1,1
西湖,文教 ,文二路60号,"120.14254,30.28361",1,1
西湖,文教 ,白荡海人家,"120.142682,30.290683",1,1
西湖,文教 ,文一路60号,"120.14327,30.28891",1,1
西湖,文教 ,文亭公寓,"120.13385,30.289781",1,1
西湖,文教 ,保俶北路91号,"120.142199,30.288257",1,1
西湖,文教 ,保俶北路94-96号,"120.1415,30.286965",1,1
西湖,文教 ,文二路46号,"120.14377,30.284006",1,1
西湖,文教 ,文一路109号,"120.140836,30.288273",1,1
西湖,文教 ,保俶北路101号,"120.141349,30.288146",1,1
西湖,文教 ,教工路106号,"120.136276,30.278415",1,1
西湖,文教 ,文二路166号,"120.135869,30.285709",1,1
西湖,文教 ,郡楓华庭,"120.14005,30.29014",1,1
西湖,文教 ,溪畔花园,"120.138248,30.289899",1,1
西湖,文教 ,保俶北路82号,"120.140362,30.284501",1,1
西湖,文教 ,保俶北路90号,"120.142031,30.287948",1,1
西湖,文教 ,华海园,"120.141089,30.290882",1,1
西湖,文教 ,文一路78号,"120.1406,30.28891",1,1
西湖,文教 ,文二路64号,"120.14254,30.28361",1,1
西湖,文教 ,教工路131号,"120.134743,30.28438",1,1
西湖,文教 ,河缸桥,"120.210792,30.246026",1,1
西湖,文教 ,文一路57号,"120.143443,30.289497",1,1
西湖,文教 ,石灰桥新村,"120.144485,30.285002",1,1
西湖,文教 ,保俶花园,"120.139911,30.281189",1,1
西湖,文教 ,瑞祺大厦,"120.146748,30.284761",1,1
西湖,文教 ,耀江文萃苑,"120.131962,30.286358",1,1
西湖,文教 ,西溪公寓,"120.139887,30.284234",1,1
西湖,文教 ,文二路98号,"120.141152,30.283589",1,1
西湖,文教 ,莫干山路361号,"120.14826,30.282957",1,1
西湖,文教 ,白荡海社区,"120.142125,30.291005",1,1
西湖,文教 ,文一路95号,"120.142508,30.288681",1,1
西湖,文教 ,文二路62号,"120.142667,30.283833",1,1
西湖,文教 ,建工新村,"120.148025,30.282276",1,1
西湖,文教 ,中豪晴园,"120.133238,30.287637",1,1
西湖,文教 ,莫干山路611号,"120.142682,30.290683",1,1
西湖,文教 ,学院路176-178号大院,"120.129722,30.283612",1,1
西湖,文教 ,文二路162号,"120.138244,30.285794",1,1
西湖,文教 ,保俶北路97号,"120.148426,30.265247",1,1
西湖,文教 ,文三路232号,"120.137176,30.277897",1,1
西湖,文教 ,梧桐公寓,"120.129853,30.28703",1,1
西湖,文教 ,学院路222号,"120.129441,30.285745",1,1
西湖,文教 ,保俶北路29号,"120.140333,30.278283",1,1
西湖,文教 ,师苑新村,"120.137725,30.28186",1,1
西湖,文教 ,文二路70号,"120.142555,30.28419",1,1
西湖,文教 ,花园北村1212宿舍,"120.131961,30.283734",1,1
西湖,文教 ,花园南村,"120.132975,30.282223",1,1
西湖,文教 ,耀江文欣苑,"120.136894,30.281991",1,1
西湖,文教 ,文二路170号,"120.137807,30.284423",1,1
西湖,文教 ,文一路54号,"120.143713,30.289045",1,1
西湖,文教 ,学院路212号,"120.129918,30.284173",1,1
西湖,文教 ,花园北村,"120.138308,30.280346",1,1
西湖,文教 ,学院路312号,"120.129322,30.292756",1,1
西湖,文教 ,文二路68号,"120.14254,30.28361",1,1
西湖,文教 ,文二路172号,"120.13779,30.284021",1,1
西湖,文教 ,教工路138号,"120.13804,30.280638",1,1
西湖,文教 ,兰庭国际,"120.138895,30.283911",1,1
西湖,文教 ,金都城市芯宇,"120.136494,30.292081",1,1
西湖,文教 ,今日嘉园,"120.133455,30.288865",1,1
西湖,文教 ,学院路304号,"120.12897,30.29279",1,1
西湖,文教 ,文二路48号,"120.143681,30.284374",1,1
西湖,文教 ,文二路160号,"120.13787,30.28511",1,1
西湖,文教 ,日晖新村,"120.145876,30.283174",1,1
西湖,文教 ,花园西村,"120.138308,30.280346",1,1
西湖,文教 ,文一路82号,"120.134349,30.288388",1,1
西湖,文教 ,银马公寓,"120.136577,30.288206",1,1
西湖,文教 ,雅戈尔御西湖,"120.13085,30.285408",1,1
西湖,文三 ,宁波大厦,"120.151178,30.272894",1,1
西湖,文三 ,莫干山路,"120.14614,30.277507",1,1
西湖,文三 ,马塍路18号,"120.14755,30.27727",1,1
西湖,文三 ,恒升花苑,"120.143043,30.277157",1,1
西湖,文三 ,天目山路22号,"120.153294,30.273214",1,1
西湖,文三 ,文三路52-1号,"120.14798,30.2782",1,1
西湖,文三 ,沈塘新村,"120.148464,30.279208",1,1
西湖,文三 ,马塍路7-1号,"120.149823,30.275278",1,1
西湖,文三 ,文三路57号,"120.148062,30.277624",1,1
西湖,文三 ,马塍路9号,"120.148828,30.276079",1,1
西湖,文三 ,邮电新村,"120.148571,30.280579",1,1
西湖,文三 ,武林门新村,"120.149772,30.276685",1,1
西湖,文三 ,文三路103号,"120.146711,30.277108",1,1
西湖,文三 ,天目山路20号,"120.153513,30.272896",1,1
西湖,文三 ,武林巷38号,"120.14678,30.27444",1,1
西湖,文三 ,马塍路16号,"120.14808,30.276953",1,1
西湖,文三 ,武林花园,"120.148936,30.273401",1,1
西湖,文三 ,窑背巷6号,"120.146988,30.272772",1,1
西湖,文三 ,马塍路13号,"120.14808,30.276953",1,1
西湖,文三 ,文三新村,"120.145991,30.276817",1,1
西湖,文三 ,锦绣文苑,"120.151362,30.27391",1,1
西湖,文三 ,武林巷37号,"120.146871,30.274783",1,1
西湖,文三 ,文天公寓,"120.14739,30.273416",1,1
西湖,文三 ,混堂巷13号,"120.152004,30.273553",1,1
西湖,文三 ,马塍路11号,"120.146966,30.275723",1,1
西湖,文三 ,混堂巷20号,"120.15067,30.27417",1,1
西湖,文三 ,上宁新村,"120.143986,30.276028",1,1
西湖,文三 ,莫干山路79号,"120.153279,30.273946",1,1
西湖,文三 ,文三路105号,"120.146046,30.277521",1,1
西湖,文三 ,马塍路2号,"120.15018,30.27387",1,1
西湖,文三 ,武林巷36号,"120.14749,30.2745",1,1
西湖,文三 ,马塍路8号,"120.147279,30.27535",1,1
西湖,文三 ,马塍路15号,"120.14736,30.27709",1,1
西湖,文三 ,马塍路20号,"120.147614,30.277449",1,1
西湖,文三 ,文三路55号,"120.148798,30.277306",1,1
西湖,文三 ,马塍路19号,"120.14734,30.27745",1,1
西湖,文三西路 ,华元天鹅堡,"120.10549,30.263463",1,1
西湖,文三西路 ,西溪锋尚苑,"120.091688,30.27416",1,1
西湖,文三西路 ,筑品金座,"120.106085,30.268488",1,1
西湖,文三西路 ,明月公寓,"120.104325,30.276391",1,1
西湖,文三西路 ,古墩路7-1号,"120.10206,30.26345",1,1
西湖,文三西路 ,康乐香港城,"120.10188,30.275188",1,1
西湖,文三西路 ,金都花园,"120.100197,30.276418",1,1
西湖,文三西路 ,金田花园,"120.098864,30.278104",1,1
西湖,文三西路 ,康乐新村,"120.102029,30.276746",1,1
西湖,文三西路 ,省规划局宿舍,"120.100595,30.274173",1,1
西湖,文三西路 ,紫金公寓,"120.101673,30.278212",1,1
西湖,文三西路 ,丹枫新村,"120.099731,30.277106",1,1
西湖,文三西路 ,天目山路323号省统计局宿舍,"120.100761,30.263942",1,1
西湖,文三西路 ,莲花新村东区,"120.110365,30.273487",1,1
西湖,文三西路 ,美都新村,"120.102796,30.279311",1,1
西湖,文三西路 ,西溪天堂悦居,"120.019,30.27622",1,1
西湖,文三西路 ,沁雅花园,"120.10662,30.274396",1,1
西湖,文三西路 ,皇朝城市花园,"120.095826,30.273924",1,1
西湖,文三西路 ,文三西路39号,"120.11008,30.275131",1,1
西湖,文三西路 ,中兴公寓,"120.101221,30.279552",1,1
西湖,文三西路 ,科技新村,"120.100806,30.280839",1,1
西湖,文三西路 ,嘉绿景苑西园,"120.112436,30.277642",1,1
西湖,文三西路 ,西荡苑梨苑,"120.103917,30.270246",1,1
西湖,文三西路 ,莲花新村西区,"120.106299,30.272187",1,1
西湖,文三西路 ,富丽花园(西湖),"120.10853,30.2784",1,1
西湖,文三西路 ,嘉绿景苑东园,"120.099261,30.271483",1,1
西湖,文三西路 ,金海公寓,"120.099559,30.276391",1,1
西湖,文三西路 ,金欣公寓,"120.100346,30.275013",1,1
西湖,文三西路 ,文三西路418号,"120.10351,30.27629",1,1
西湖,文三西路 ,山水人家白沙岛,"120.106416,30.272938",1,1
西湖,文三西路 ,新安嘉苑,"120.104363,30.26843",1,1
西湖,文三西路 ,金都新城,"120.107883,30.277401",1,1
西湖,文三西路 ,阳光花园,"120.095699,30.274833",1,1
西湖,文三西路 ,西荡苑桃苑,"120.10291,30.269785",1,1
西湖,文三西路 ,山水人家清水湾,"120.11078,30.272554",1,1
西湖,文三西路 ,山水人家彩云天,"120.106416,30.272938",1,1
西湖,文三西路 ,山水人家诗家谷,"120.108605,30.2718",1,1
西湖,文三西路 ,西荡苑杏苑,"120.105199,30.270842",1,1
西湖,文三西路 ,月桂花园,"120.104273,30.275329",1,1
西湖,文三西路 ,秋水苑,"120.108673,30.273896",1,1
西湖,文三西路 ,山水人家美林泉,"120.108605,30.2718",1,1
西湖,文三西路 ,嘉绿景苑南园,"120.116867,30.278267",1,1
西湖,文三西路 ,山水人家香溪地,"120.11078,30.272554",1,1
西湖,文三西路 ,丹桂公寓,"120.108973,30.274995",1,1
西湖,文三西路 ,山水人家潇湘居,"120.106053,30.273114",1,1
西湖,文三西路 ,香樟公寓,"120.106872,30.278941",1,1
西湖,文三西路 ,城市心境,"120.210792,30.246026",1,1
西湖,文三西路 ,府苑新村,"120.095086,30.268762",1,1
西湖,文三西路 ,紫金庭园,"120.092533,30.27122",1,1
西湖,文三西路 ,颐景园,"120.097092,30.27986",1,1
西湖,文三西路 ,府新花园东区,"120.09234,30.279696",1,1
西湖,文三西路 ,南都德迦东区,"120.104757,30.28058",1,1
西湖,文三西路 ,西鉴枫景,"120.210792,30.246026",1,1
西湖,文三西路 ,府新花园西区,"120.091543,30.278338",1,1
西湖,文三西路 ,世纪西溪,"120.093083,30.277039",1,1
西湖,文一西路 ,金桂大厦,"120.099022,30.282083",1,1
西湖,文一西路 ,湖畔大厦,"120.102935,30.287077",1,1
西湖,文一西路 ,天湖公寓,"120.106178,30.287947",1,1
西湖,文一西路 ,绿洲湾,"120.106509,30.290941",1,1
西湖,文一西路 ,湖畔花园吐翠苑,"120.100029,30.291157",1,1
西湖,文一西路 ,南都花园,"120.103866,30.288511",1,1
西湖,文一西路 ,金成花园,"120.106153,30.283462",1,1
西湖,文一西路 ,雅仕苑,"120.105733,30.285442",1,1
西湖,文一西路 ,湖畔花园梦泉苑,"120.101867,30.291548",1,1
西湖,文一西路 ,湖畔花园闻莺苑,"120.100956,30.292264",1,1
西湖,文一西路 ,湖畔花园秋月苑,"120.100048,30.291735",1,1
西湖,文一西路 ,天河西苑,"120.10491,30.290605",1,1
西湖,文一西路 ,恩济花苑,"120.106455,30.282388",1,1
西湖,文一西路 ,湖畔花园夕照苑,"120.101809,30.292204",1,1
西湖,文一西路 ,湖畔花园竹径苑,"120.100091,30.292383",1,1
西湖,文一西路 ,湖畔花园春晓苑,"120.100695,30.290504",1,1
西湖,文一西路 ,春天花园,"120.100002,30.286738",1,1
西湖,文一西路 ,紫林公寓,"120.09213,30.287411",1,1
西湖,文一西路 ,湖畔花园桃花苑,"120.101415,30.289709",1,1
西湖,文一西路 ,南都花园别墅,"120.103436,30.291287",1,1
西湖,文一西路 ,绿城兰桂花园,"120.100387,30.282929",1,1
西湖,文一西路 ,湖畔花园太子苑,"120.100933,30.289356",1,1
西湖,文一西路 ,名仕家园,"120.102115,30.285397",1,1
西湖,文一西路 ,嘉南公寓影池居,"120.094539,30.288243",1,1
西湖,文一西路 ,高教新村,"120.096149,30.287672",1,1
西湖,文一西路 ,金成嘉南公寓,"120.093975,30.287717",1,1
西湖,文一西路 ,星洲花园红树林,"120.095813,30.290294",1,1
西湖,文一西路 ,紫桂花园,"120.102811,30.283011",1,1
西湖,文一西路 ,华苑公寓,"120.097661,30.287539",1,1
西湖,文一西路 ,新金都城市花园,"120.097307,30.285288",1,1
西湖,文一西路 ,星洲花园花柏美舍,"120.095883,30.290296",1,1
西湖,文一西路 ,湖畔花园风荷苑,"120.102396,30.287771",1,1
西湖,文一西路 ,政新花园,"120.099906,30.290404",1,1
西湖,文一西路 ,星洲花园万黛兰居,"120.096777,30.288603",1,1
西湖,文一西路 ,和润园,"120.09836,30.290467",1,1
西湖,文一西路 ,文溪鼎园,"120.105502,30.288957",1,1
西湖,文一西路 ,嘉南公寓青藤居,"120.095308,30.287197",1,1
西湖,文一西路 ,嘉南公寓瀑水居,"120.09336,30.288307",1,1
西湖,文一西路 ,桂花城,"120.094374,30.283753",1,1
西湖,文一西路 ,阳光地带花园,"120.091456,30.289547",1,1
西湖,文一西路 ,星洲花园圣陶沙韵,"120.096595,30.289726",1,1
西湖,文一西路 ,湖畔花园龙珠苑,"120.102255,30.289423",1,1
西湖,文一西路 ,紫荆欣苑,"120.091102,30.291398",1,1
西湖,文一西路 ,富越香墅,"120.056704,30.290127",1,1
西湖,文一西路 ,林语别墅,"120.089832,30.283913",1,1
西湖,小和山 ,源峰嘉苑,"119.984998,30.199275",1,1
西湖,小和山 ,科嘉苑,"119.997075,30.220123",1,1
西湖,小和山 ,文卫路28号,"119.984853,30.22018",1,1
西湖,小和山 ,微博公馆,"120.03322,30.21721",1,1
西湖,小和山 ,泊林漫谷,"120.006447,30.209179",1,1
西湖,小和山 ,浪漫和山,"120.012772,30.212622",1,1
西湖,小和山 ,绿野春天家园,"119.995404,30.20378",1,1
西湖,小和山 ,翰墨香林苑,"120.017212,30.210613",1,1
西湖,小和山 ,浙消宿舍,"120.001333,30.222397",1,1
西湖,小和山 ,水木清华,"120.032716,30.217147",1,1
西湖,小和山 ,众安白马山庄,"120.01384,30.218785",1,1
西湖,小和山 ,小和山林野山居,"120.028805,30.213518",1,1
西湖,小和山 ,云山秀水,"120.0082,30.208579",1,1
西湖,西溪 ,安乐街,"119.541666,29.616756",1,1
西湖,西溪 ,西溪九号,"120.067906,30.281605",1,1
西湖,西溪 ,华策中心,"120.067523,30.300147",1,1
西湖,西溪 ,五常大道127号,"120.043008,30.245787",1,1
西湖,西溪 ,西溪水岸花苑,"120.050851,30.282816",1,1
西湖,西溪 ,留下街石油小区,"120.0598,30.242087",1,1
西湖,西溪 ,西溪雅苑,"120.049212,30.244948",1,1
西湖,西溪 ,留下街14号,"120.059296,30.241819",1,1
西湖,西溪 ,茶市新村,"120.056587,30.240283",1,1
西湖,西溪 ,花坞新村,"120.078006,30.255999",1,1
西湖,西溪 ,药物所宿舍,"120.083418,30.254592",1,1
西湖,西溪 ,安乐新村,"120.05854,30.241925",1,1
西湖,西溪 ,浙江油田留下小区,"120.049105,30.243044",1,1
西湖,西溪 ,西溪花园流芳苑,"120.05358,30.28023",1,1
西湖,西溪 ,西溪花园凌波苑,"120.054264,30.282398",1,1
西湖,西溪 ,绿城西溪世纪广场,"120.071311,30.292761",1,1
西湖,西溪 ,钱潮花园,"120.054537,30.245867",1,1
西湖,西溪 ,留下西苑,"120.05306,30.241652",1,1
西湖,西溪 ,留和春天,"120.051622,30.235413",1,1
西湖,西溪 ,西湖家园,"120.089333,30.255964",1,1
西湖,西溪 ,西溪梅园,"120.059269,30.242407",1,1
西湖,西溪 ,玉屏居,"120.063057,30.241263",1,1
西湖,西溪 ,水乡西溪小筑,"120.05211,30.246333",1,1
西湖,西溪 ,留和家苑,"120.053889,30.238002",1,1
西湖,西溪 ,大华西溪风情新天地,"120.036483,30.283059",1,1
西湖,西溪 ,西溪新城市,"120.058595,30.279946",1,1
西湖,西溪 ,华元美林公馆,"120.044201,30.280142",1,1
西湖,西溪 ,昆仑府,"120.044221,30.278455",1,1
西湖,西溪 ,西溪望庄,"120.211763,30.202207",1,1
西湖,西溪 ,远洋西溪公馆,"120.044614,30.283381",1,1
西湖,西溪 ,百家乐西园,"120.036083,30.268537",1,1
西湖,西溪 ,西溪君庐,"120.037298,30.267027",1,1
西湖,西溪 ,西溪晴雪,"120.055164,30.244703",1,1
西湖,西溪 ,坤和和家园,"120.061588,30.232239",1,1
西湖,西溪 ,香洲里,"120.037685,30.270347",1,1
西湖,西溪 ,复地黄龙和山,"120.10889,30.319107",1,1
西湖,西溪 ,坤和求是里,"120.210792,30.246026",1,1
西湖,西溪 ,坤和西溪里璞园,"120.059369,30.288994",1,1
西湖,西溪 ,中交悦西溪,"120.031744,30.280255",1,1
西湖,西溪 ,滨江西溪之星,"120.042103,30.265452",1,1
西湖,西溪 ,大华西溪风情澄品,"120.033101,30.282139",1,1
西湖,西溪 ,留庄,"120.067543,30.255039",1,1
西湖,西溪 ,万科坤和玉泉,"120.06498,30.237856",1,1
西湖,西溪 ,绿城西溪融庄,"120.041722,30.2705",1,1
西湖,西溪 ,西溪名园,"120.056928,30.25309",1,1
西湖,西溪 ,西溪蝶园一期,"120.063967,30.290197",1,1
西湖,西溪 ,富越香溪,"120.056704,30.290127",1,1
西湖,西溪 ,西溪华府,"120.054096,30.290174",1,1
西湖,西溪 ,西溪蝶园二期,"120.064105,30.291043",1,1
西湖,西溪 ,坤和西溪里,"120.059104,30.292046",1,1
西湖,西溪 ,香港兴业耦园,"120.042938,30.268006",1,1
西湖,西溪 ,万科西庐一期,"120.054483,30.291703",1,1
西湖,西溪 ,万科西庐二期,"120.056079,30.294502",1,1
西湖,西溪 ,融创河滨之城雨澜轩,"120.059382,30.298418",1,1
西湖,西溪 ,融创河滨之城水澜轩,"120.063527,30.298443",1,1
西湖,西溪 ,大华西溪风情,"120.036575,30.277593",1,1
西湖,西溪 ,西溪诚园致诚苑,"120.077607,30.292717",1,1
西湖,西溪 ,西溪诚园明礼苑,"120.082511,30.288921",1,1
西湖,西溪 ,西溪玫瑰,"120.105941,30.181906",1,1
西湖,西溪 ,西溪诚园守纯苑,"120.080812,30.287854",1,1
西湖,西溪 ,西溪诚园知敬苑,"120.082162,30.291116",1,1
西湖,西溪 ,西溪诚园正信苑,"120.078152,30.290975",1,1
西湖,西溪 ,滨江西溪明珠,"120.059655,30.248931",1,1
西湖,学军 ,文锦大厦,"119.717136,30.2297",1,1
西湖,学军 ,马塍路35号,"120.147206,30.281913",1,1
西湖,学军 ,马塍路28号,"120.147212,30.279302",1,1
西湖,学军 ,马塍路33号,"120.147392,30.280431",1,1
西湖,学军 ,文二路23号,"120.144943,30.283366",1,1
西湖,学军 ,文二路33号,"120.144175,30.283241",1,1
西湖,学军 ,文二路19号,"120.145918,30.283042",1,1
西湖,学军 ,马塍路30号,"120.147423,30.279957",1,1
西湖,学军 ,马塍路34号,"120.147306,30.281256",1,1
西湖,学军 ,文二路51号,"120.14371,30.2833",1,1
西湖,学军 ,西溪河东,"120.058876,30.248026",1,1
西湖,学军 ,文二路27号,"120.144523,30.282794",1,1
西湖,学军 ,马塍路29号,"120.147439,30.279693",1,1
西湖,学军 ,文二路21号,"120.145649,30.282882",1,1
西湖,学军 ,马塍路32号,"120.14695,30.280018",1,1
西湖,学军 ,求智弄,"120.144353,30.28315",1,1
西湖,学军 ,马塍路24号,"120.14725,30.27859",1,1
西湖,学军 ,文二路57号,"120.142152,30.283133",1,1
西湖,学军 ,文三路54号,"120.14769,30.27792",1,1
西湖,学军 ,下宁巷,"120.142456,30.281593",1,1
西湖,学军 ,文二路25号,"120.14475,30.28333",1,1
西湖,学军 ,崇文公寓,"120.145751,30.281084",1,1
西湖,学军 ,中大文锦苑,"120.144215,30.279528",1,1
西湖,学军 ,马塍路37号,"120.146745,30.282545",1,1
西湖,学军 ,求智巷,"120.143584,30.279628",1,1
西湖,学军 ,文二路37号,"120.144054,30.283245",1,1
西湖,学军 ,文二新村,"120.142782,30.282629",1,1
西湖,学军 ,文二路43号,"120.14383,30.2833",1,1
西湖,之江 ,之江路51号,"120.123451,30.191247",1,1
西湖,之江 ,九溪新村,"120.118589,30.186889",1,1
西湖,之江 ,珊瑚沙家园,"120.102692,30.165088",1,1
西湖,之江 ,梦湖山庄,"120.075685,30.17216",1,1
西湖,之江 ,西湖花园,"120.10957,30.181555",1,1
西湖,之江 ,西湖花园南苑,"120.109808,30.181316",1,1
西湖,之江 ,九溪玫瑰园,"120.105941,30.181906",1,1
西湖,之江 ,公元沐桥,"120.097937,30.165699",1,1
西湖,之江 ,西湖墅,"120.100188,30.16629",1,1
西湖,之江 ,之江九里,"120.094287,30.165933",1,1
西湖,之江 ,大家之江悦,"120.096832,30.160342",1,1
西湖,之江 ,之江路42号,"120.118266,30.186654",1,1
西湖,之江 ,浙江工业大学之江校区宿舍,"120.392407,30.312058",1,1
西湖,之江 ,新西湖花园,"120.072542,30.174434",1,1
西湖,之江 ,云荷廷,"120.106504,30.167367",1,1
西湖,之江 ,云溪新语,"120.096513,30.163945",1,1
西湖,之江 ,云栖蝶谷,"120.102394,30.177392",1,1
西湖,之江 ,万安景月湾,"120.082994,30.170024",1,1
西湖,之江 ,枫丹白露,"120.077049,30.174564",1,1
西湖,之江 ,阳明谷,"120.166169,30.160527",1,1
西湖,之江 ,东方苑,"120.074456,30.173164",1,1
西湖,之江 ,润和山庄,"120.081011,30.171472",1,1
