Market,Longitude,Latitude
3.0,120.180439,30.220756
3.0,120.177642,30.218965
3.0,120.187391,30.222832
3.0,120.187797,30.229953
3.0,120.175362,30.215801
3.0,120.176563,30.214207
3.0,120.22242,30.281974
3.0,120.183592,30.228063
3.0,120.258815,30.39822
3.0,120.250532,30.375683
3.0,120.182326,30.226009
3.0,120.179318,30.221831
3.0,120.19122,30.226505
3.0,120.18183,30.216406
3.0,120.178445,30.220863
3.0,120.20542,30.286064
3.0,120.194251,30.277921
3.0,120.203024,30.285271
3.0,120.197143,30.279106
3.0,120.189179,30.283116
5.0,120.192259,30.277223
3.0,120.190673,30.281168
3.0,120.188049,30.281936
3.0,120.192569,30.281572
3.0,120.185704,30.281271
5.0,120.187238,30.279632
3.0,120.189746,30.277574
3.0,120.195378,30.283037
3.0,120.201328,30.283729
3.0,120.192709,30.276051
3.0,120.193341,30.283292
3.0,120.200355,30.284738
3.0,120.200614,30.353854
5.0,120.186255,30.373654
3.0,120.132472,30.368977
3.0,120.190623,30.352347
3.0,120.13255,30.37172
3.0,120.137061,30.369817
5.0,120.185307,30.373693
3.0,120.184115,30.350898
3.0,120.183203,30.348395
3.0,120.18865,30.35223
3.0,120.189761,30.350727
5.0,120.187072,30.349753
5.0,120.13997,30.354623
3.0,120.198874,30.352118
5.0,120.188918,30.349089
5.0,120.182526,30.345473
3.0,120.146528,30.356147
3.0,120.195667,30.353045
3.0,120.173382,30.343051
3.0,120.148951,30.339841
5.0,120.197459,30.351349
3.0,120.139066,30.371536
3.0,120.174084,30.343397
3.0,120.172366,30.345409
5.0,120.207473,30.35922
3.0,120.201959,30.357099
3.0,120.204845,30.355493
3.0,120.150808,30.333091
5.0,120.163542,30.335219
3.0,120.162366,30.333716
3.0,120.178343,30.264147
3.0,120.17486,30.260407
5.0,120.177582,30.261266
3.0,120.178613,30.261259
3.0,120.177405,30.258344
5.0,120.177397,30.262765
3.0,120.175592,30.259452
3.0,120.178878,30.263788
3.0,120.177438,30.259274
3.0,120.173843,30.261557
2.0,120.17477,30.263104
3.0,120.172131,30.260263
3.0,120.175103,30.26411
3.0,120.176294,30.263989
5.0,120.176837,30.261176
3.0,120.174528,30.259435
5.0,120.28235,30.331421
5.0,120.175316,30.264026
3.0,120.17739,30.258847
3.0,120.177679,30.260284
3.0,120.177977,30.261744
5.0,120.178386,30.260702
3.0,120.17806,30.263337
3.0,120.17456,30.261087
5.0,120.168241,30.291377
5.0,120.169307,30.277275
3.0,120.161879,30.295116
3.0,120.163964,30.296009
3.0,120.156359,30.28916
3.0,120.159861,30.291025
3.0,120.170943,30.283304
3.0,120.230573,30.367344
5.0,120.16072,30.292771
3.0,120.166994,30.275952
3.0,120.160703,30.286654
3.0,120.170151,30.286546
3.0,120.156767,30.286725
3.0,120.166255,30.287259
3.0,120.158682,30.287338
3.0,120.166542,30.295206
3.0,120.16847,30.277132
3.0,120.164262,30.281322
3.0,120.163508,30.285057
3.0,120.164701,30.282092
3.0,120.168003,30.288908
3.0,120.163214,30.282682
2.0,120.170465,30.291107
2.0,120.160426,30.289813
3.0,120.154416,30.291095
3.0,120.156362,30.290076
3.0,120.167978,30.266113
3.0,120.167186,30.278024
3.0,120.166278,30.278124
6.0,120.162121,30.29
5.0,120.16748,30.280324
5.0,120.169077,30.276375
3.0,120.168383,30.279081
5.0,120.165898,30.284672
3.0,120.161718,30.282104
3.0,120.173111,30.264554
3.0,120.180144,30.263994
5.0,120.186494,30.25746
2.0,120.183723,30.248627
3.0,120.184346,30.249493
3.0,120.18602,30.251027
3.0,120.181691,30.247571
3.0,120.181868,30.248327
3.0,120.18451,30.258921
3.0,120.180511,30.248761
3.0,120.181983,30.257571
5.0,120.183799,30.259871
3.0,120.184255,30.263648
3.0,120.184048,30.25225
3.0,120.182496,30.262778
5.0,120.1864,30.261077
3.0,120.181361,30.253676
3.0,120.180715,30.251524
3.0,120.185157,30.254614
3.0,120.181707,30.256359
6.0,120.185339,30.25078
2.0,120.1815,30.263347
3.0,120.184887,30.259758
3.0,120.183625,30.259487
3.0,120.186529,30.253779
5.0,120.184494,30.260881
3.0,120.18123,30.260282
5.0,120.180663,30.25407
3.0,120.182077,30.256975
3.0,120.183583,30.255063
3.0,120.182052,30.260683
3.0,120.185459,30.261047
5.0,120.142379,30.299125
3.0,120.182439,30.263783
3.0,120.159415,30.307207
3.0,120.185056,30.256504
3.0,120.18509,30.263167
3.0,120.179755,30.251686
3.0,120.180109,30.255959
3.0,120.186338,30.254771
3.0,120.183248,30.250671
5.0,120.140548,30.398737
5.0,120.138683,30.400939
3.0,120.204199,30.404567
3.0,120.175208,30.382294
3.0,120.145604,30.280645
3.0,120.173348,30.386493
3.0,120.165443,30.376579
3.0,120.167938,30.38104
3.0,120.165251,30.383144
3.0,120.136025,30.383332
3.0,120.173806,30.380258
3.0,120.169484,30.38194
3.0,120.172549,30.378764
3.0,120.162651,30.381424
3.0,120.162837,30.384121
3.0,120.176113,30.384282
5.0,120.160056,30.302006
3.0,120.157291,30.304124
3.0,120.154616,30.308532
3.0,120.155781,30.309719
5.0,120.156983,30.301824
3.0,120.155144,30.304195
3.0,120.154851,30.305651
3.0,120.156426,30.304471
5.0,120.159701,30.303677
3.0,120.153516,30.306473
3.0,120.159508,30.300343
3.0,120.157314,30.306103
3.0,120.15587,30.309021
3.0,120.152179,30.308117
3.0,120.153336,30.304671
3.0,120.153296,30.308844
3.0,120.1513,30.305853
1.0,120.1583,30.29912
3.0,120.154578,30.308145
3.0,120.160579,30.299835
3.0,120.158532,30.307705
3.0,120.151874,30.308701
3.0,120.151508,30.307382
3.0,120.158394,30.302936
3.0,120.159319,30.30449
3.0,120.147071,30.304434
3.0,120.148648,30.303869
5.0,120.154401,30.309505
3.0,120.150575,30.311647
3.0,120.148089,30.296798
3.0,120.147786,30.296822
3.0,120.147757,30.297324
5.0,120.152114,30.29786
3.0,120.157959,30.2961
3.0,120.15862,30.296849
3.0,120.158864,30.295404
3.0,120.152484,30.292447
3.0,120.154863,30.29629
5.0,120.15298,30.296129
3.0,120.152457,30.293903
3.0,120.156396,30.295548
3.0,120.153746,30.295354
3.0,120.150759,30.295582
3.0,120.173028,30.297401
3.0,120.174914,30.298511
3.0,120.177998,30.299259
3.0,120.177926,30.298187
3.0,120.180645,30.300995
5.0,120.183598,30.301662
3.0,120.238541,30.36387
3.0,120.23261,30.368956
3.0,120.242594,30.354016
3.0,120.241925,30.360716
3.0,120.235384,30.347196
3.0,120.233774,30.349645
3.0,120.2452,30.362808
3.0,120.238821,30.353522
6.0,120.232014,30.358384
3.0,120.234593,30.356081
3.0,120.233612,30.354283
3.0,120.24111,30.350482
3.0,120.235204,30.363626
3.0,120.238499,30.348799
3.0,120.234655,30.358621
3.0,120.231031,30.348938
5.0,120.235987,30.354856
3.0,120.238204,30.356158
3.0,120.226528,30.355183
3.0,120.209645,30.346962
3.0,120.231268,30.372113
3.0,120.221388,30.356355
3.0,120.23195,30.345697
3.0,120.214155,30.341585
3.0,120.226115,30.367544
3.0,120.227885,30.37081
2.0,120.215712,30.340078
3.0,120.228505,30.345335
3.0,120.228842,30.352509
3.0,120.218099,30.341709
3.0,120.23605,30.35748
3.0,120.236481,30.358945
3.0,120.23941,30.367291
3.0,120.233046,30.351371
3.0,120.236752,30.350825
3.0,120.224958,30.360404
3.0,120.236241,30.352985
3.0,120.229661,30.357465
5.0,120.22934,30.359955
5.0,120.163926,30.249892
3.0,120.219801,30.343555
3.0,120.226036,30.358704
3.0,120.216488,30.34655
3.0,120.212911,30.344371
3.0,120.222237,30.354718
5.0,120.14133,30.317404
3.0,120.146489,30.331565
3.0,120.146247,30.328876
3.0,120.147664,30.329539
3.0,120.147866,30.32631
3.0,120.144023,30.317814
3.0,120.144899,30.321655
3.0,120.145137,30.323646
3.0,120.14286,30.323284
3.0,120.145372,30.317816
3.0,120.145604,30.313986
3.0,120.155946,30.314692
3.0,120.145033,30.320632
3.0,120.141078,30.329258
5.0,120.140928,30.326319
3.0,120.143054,30.313995
3.0,120.149055,30.313805
3.0,120.141108,30.314424
5.0,120.142463,30.326828
3.0,120.142531,30.320551
3.0,120.143998,30.323697
3.0,120.147177,30.319429
4.0,120.15094,30.32636
3.0,120.146548,30.311366
3.0,120.141211,30.316063
3.0,120.143282,30.316259
3.0,120.162816,30.329288
3.0,120.143671,30.312025
3.0,120.141117,30.310472
3.0,120.16129,30.324958
3.0,120.141739,30.308159
3.0,120.148234,30.323082
3.0,120.122247,30.375229
3.0,120.116199,30.38092
3.0,120.11546,30.376878
3.0,120.103111,30.375959
3.0,120.103981,30.377872
3.0,120.119596,30.365509
3.0,120.129378,30.350543
3.0,120.120905,30.356657
3.0,120.118209,30.356742
3.0,120.140522,30.298779
4.0,120.126993,30.30789
3.0,120.127554,30.308421
3.0,120.124514,30.307406
3.0,120.139745,30.302431
3.0,120.129499,30.309609
5.0,120.119022,30.297735
3.0,120.139832,30.300305
3.0,120.12671,30.3065
3.0,120.134144,30.305204
3.0,120.256589,30.360478
3.0,120.134112,30.305182
3.0,120.135823,30.30084
3.0,120.138369,30.30269
3.0,120.132981,30.303282
3.0,120.127941,30.303172
3.0,120.175097,30.289229
3.0,120.173486,30.291536
3.0,120.17749,30.284085
2.0,120.179726,30.284135
3.0,120.17185,30.292849
3.0,120.173351,30.28995
3.0,120.170685,30.294327
3.0,120.175054,30.284386
3.0,120.192893,30.265098
3.0,120.199333,30.264659
1.0,120.196104,30.265047
5.0,120.198166,30.265981
5.0,120.195483,30.264439
3.0,120.19141,30.273808
3.0,120.169706,30.252985
5.0,120.168644,30.24941
3.0,120.163603,30.251097
3.0,120.169083,30.248409
3.0,120.169786,30.248603
3.0,120.167353,30.251746
3.0,120.167584,30.248337
6.0,120.170234,30.256477
3.0,120.17003,30.25508
3.0,120.166382,30.249399
6.0,120.17082,30.251082
5.0,120.167119,30.257431
5.0,120.164997,30.247441
5.0,120.166796,30.25791
3.0,120.170882,30.255959
5.0,120.167443,30.252493
5.0,120.169116,30.256882
5.0,120.165197,30.257368
5.0,120.171166,30.2572
3.0,120.169364,30.255724
3.0,120.169833,30.251092
5.0,120.167119,30.257431
3.0,120.165866,30.253435
3.0,120.162699,30.248855
3.0,120.167445,30.25435
3.0,120.208071,30.292243
3.0,120.203613,30.296233
3.0,120.203959,30.292586
3.0,120.20452,30.296328
3.0,120.204574,30.296344
3.0,120.205772,30.291276
4.0,120.2118,30.299329
3.0,120.219805,30.29192
3.0,120.207375,30.301145
3.0,120.210973,30.299904
5.0,120.195532,30.30165
3.0,120.199791,30.30304
5.0,120.197587,30.29697
3.0,120.201222,30.300983
3.0,120.198191,30.302088
3.0,120.198254,30.301351
3.0,120.199704,30.296439
3.0,120.212531,30.309242
2.0,120.223453,30.332465
3.0,120.220923,30.313654
5.0,120.190755,30.308859
3.0,120.23489,30.307692
3.0,120.218188,30.309454
3.0,120.219362,30.30781
3.0,120.22267,30.309233
3.0,120.222903,30.307463
5.0,120.15819,30.27519
3.0,120.149468,30.290289
3.0,120.146941,30.287855
3.0,120.21074,30.24603
3.0,120.21076,30.24602
3.0,120.21077,30.24605
2.0,120.21076,30.24605
3.0,120.21079,30.24603
3.0,120.21071,30.246
5.0,120.21072,30.24603
5.0,120.21072,30.24609
3.0,120.21072,30.24605
3.0,120.2107,30.24606
5.0,120.2103,30.2462
3.0,120.21078,30.24602
3.0,120.21075,30.24605
3.0,120.21077,30.24608
3.0,120.2107,30.24603
3.0,120.150769,30.285874
3.0,120.151802,30.287073
3.0,120.154233,30.278206
3.0,120.149151,30.284926
3.0,120.156049,30.278732
3.0,120.153646,30.287044
5.0,120.153935,30.283995
3.0,120.151927,30.288014
3.0,120.157706,30.280351
3.0,120.147195,30.284155
3.0,120.150212,30.283318
3.0,120.150224,30.290622
3.0,120.154974,30.276655
5.0,120.147495,30.294155
3.0,120.156289,30.284483
3.0,120.151147,30.289708
3.0,120.14961,30.28195
3.0,120.158819,30.282225
3.0,120.157143,30.275804
3.0,120.155202,30.283415
3.0,120.147065,30.288799
3.0,120.17467,30.27275
5.0,120.17464,30.27273
3.0,120.156131,30.282483
4.0,120.150866,30.288192
5.0,120.153467,30.281173
3.0,120.151922,30.279082
3.0,120.152374,30.282478
3.0,120.153509,30.283996
5.0,120.153232,30.285495
3.0,120.148182,30.288008
5.0,120.150095,30.284836
3.0,120.153205,30.28457
5.0,120.15686,30.275407
3.0,120.157103,30.281798
2.0,120.185731,30.270987
3.0,120.186521,30.268735
3.0,120.172978,30.270698
3.0,120.183289,30.264683
3.0,120.181955,30.264849
3.0,120.18655,30.268308
3.0,120.183578,30.265293
3.0,120.186828,30.267632
5.0,120.182297,30.272327
3.0,120.181556,30.271623
3.0,120.183411,30.27163
3.0,120.18172,30.26894
3.0,120.1817,30.26891
3.0,120.181884,30.266784
5.0,120.181209,30.264843
3.0,120.185018,30.272209
3.0,120.184652,30.264925
3.0,120.180345,30.271862
3.0,120.181494,30.270975
3.0,120.181208,30.273651
3.0,120.180219,30.272012
3.0,120.179012,30.272692
5.0,120.170559,30.278117
3.0,120.180449,30.278484
5.0,120.17991,30.277509
3.0,120.1823,30.27833
3.0,120.18238,30.27834
3.0,120.18044,30.27582
3.0,120.184239,30.27602
3.0,120.179948,30.277202
3.0,120.184522,30.278783
5.0,120.178365,30.278033
3.0,120.176965,30.276214
3.0,120.181298,30.280324
5.0,120.171841,30.277886
3.0,120.179771,30.278819
3.0,120.176772,30.280331
3.0,120.182363,30.276256
3.0,120.177202,30.277811
3.0,120.172797,30.275578
3.0,120.172067,30.279558
3.0,120.173656,30.281555
3.0,120.175167,30.277989
5.0,120.122531,30.325852
3.0,120.120981,30.321058
3.0,120.133543,30.323171
3.0,120.135391,30.311137
3.0,120.123999,30.326793
3.0,120.129978,30.322381
3.0,120.12972,30.317599
3.0,120.128641,30.328685
3.0,120.134188,30.310806
3.0,120.134788,30.313363
3.0,120.133005,30.325125
3.0,120.132772,30.320284
3.0,120.132623,30.313361
3.0,120.132035,30.311931
3.0,120.135544,30.327159
3.0,120.120031,30.320552
3.0,120.135383,30.329632
3.0,120.133188,30.322248
3.0,120.136862,30.312924
3.0,120.129599,30.314089
3.0,120.129948,30.316061
5.0,120.133857,30.317746
5.0,120.138171,30.317195
3.0,120.1429,30.30498
2.0,120.093009,30.328329
3.0,120.091075,30.342479
6.0,120.082107,30.339841
5.0,120.085181,30.32307
5.0,120.085239,30.321492
3.0,120.090158,30.335362
3.0,120.077136,30.326487
3.0,120.088151,30.337486
3.0,120.073218,30.312396
5.0,120.030182,30.320072
3.0,120.094213,30.330658
3.0,120.093381,30.333122
3.0,120.08197,30.324469
3.0,120.096994,30.33458
3.0,120.090792,30.330464
3.0,120.091368,30.326276
5.0,120.087029,30.323071
3.0,120.089597,30.324903
3.0,120.084705,30.334312
3.0,120.078836,30.328002
3.0,120.089605,30.331657
3.0,120.092787,30.326469
3.0,120.093526,30.324153
5.0,120.091843,30.328328
3.0,120.088515,30.32714
3.0,120.083465,30.319678
3.0,120.087956,30.335287
3.0,120.086136,30.340681
3.0,120.06944,30.330528
3.0,120.080923,30.335624
3.0,120.068091,30.324539
3.0,120.082926,30.33141
3.0,120.101047,30.332983
5.0,120.075415,30.334015
3.0,120.086042,30.330117
3.0,120.068512,30.331399
3.0,120.071374,30.333973
3.0,120.083536,30.329615
3.0,120.075977,30.338895
3.0,120.064977,30.33285
3.0,120.06481,30.328166
3.0,120.081772,30.337173
3.0,120.074296,30.335465
2.0,120.199138,30.290402
3.0,120.19842,30.29476
4.0,120.19842,30.29478
5.0,120.19847,30.29473
3.0,120.19845,30.2947
3.0,120.19843,30.29473
6.0,120.19845,30.29479
3.0,120.19171,30.29907
3.0,120.190955,30.298569
3.0,120.193831,30.29575
3.0,120.189025,30.29547
3.0,120.192146,30.287272
3.0,120.188895,30.293933
3.0,120.19434,30.292575
3.0,120.193329,30.287952
5.0,120.192183,30.290432
3.0,120.188348,30.289728
3.0,120.186593,30.288896
3.0,120.187254,30.287033
3.0,120.185747,30.284114
3.0,120.197498,30.288615
3.0,120.189356,30.286027
3.0,120.193198,30.291304
5.0,120.194447,30.290654
3.0,120.199789,30.292869
3.0,120.200887,30.291942
4.0,120.18533,30.32615
4.0,120.18538,30.32613
3.0,120.1853,30.32614
3.0,120.170965,30.309101
3.0,120.17433,30.304938
5.0,120.158655,30.307134
3.0,120.168105,30.30629
3.0,120.184534,30.320886
5.0,120.17451,30.306431
5.0,120.168889,30.307887
5.0,120.183904,30.313708
5.0,120.181664,30.311575
3.0,120.166616,30.308195
3.0,120.161355,30.309155
3.0,120.170287,30.310122
3.0,120.172092,30.304709
3.0,120.172224,30.306467
3.0,120.175755,30.302378
3.0,120.171352,30.302255
3.0,120.171638,30.3083
6.0,120.18138,30.312973
3.0,120.252303,30.387376
3.0,120.172576,30.309893
3.0,120.170392,30.322247
3.0,120.168646,30.31021
3.0,120.177796,30.326015
5.0,120.161485,30.31709
3.0,120.165685,30.309485
3.0,120.168101,30.321368
3.0,120.166074,30.319335
3.0,120.167279,30.307703
3.0,120.173602,30.308658
5.0,120.172639,30.317852
3.0,120.16625,30.311878
3.0,120.16876,30.31713
3.0,120.179287,30.315052
5.0,120.176318,30.313567
3.0,120.168499,30.315251
3.0,120.15327,30.285448
3.0,120.170723,30.311772
6.0,120.10968,30.318454
3.0,120.096298,30.294147
3.0,120.120913,30.308414
3.0,120.110482,30.300968
2.0,120.093361,30.309526
3.0,120.09348,30.31199
3.0,120.090693,30.312223
6.0,120.09189,30.313613
4.0,120.090466,30.320484
1.0,120.103802,30.326013
3.0,120.114557,30.320834
3.0,120.10845,30.304319
3.0,120.114487,30.315158
3.0,120.098464,30.322078
3.0,120.110864,30.29914
3.0,120.10958,30.3099
3.0,120.10955,30.30991
3.0,120.114576,30.316046
3.0,120.083452,30.313681
3.0,120.112835,30.298432
5.0,120.099473,30.305451
3.0,120.085601,30.318225
3.0,120.101281,30.321872
5.0,120.104786,30.322956
3.0,120.103881,30.301548
3.0,120.102273,30.324445
5.0,120.101885,30.319771
3.0,120.107164,30.295247
3.0,120.1005,30.296076
3.0,120.123187,30.306163
3.0,120.102377,30.305694
3.0,120.086163,30.31141
3.0,120.103385,30.319608
3.0,120.113977,30.304828
3.0,120.107792,30.301514
3.0,120.111073,30.302547
5.0,120.104283,30.31788
3.0,120.114708,30.296023
6.0,120.110351,30.308485
3.0,120.114616,30.299705
3.0,120.112882,30.299507
3.0,120.13686,30.31504
3.0,120.1368,30.31501
3.0,120.105898,30.308238
3.0,120.115744,30.311054
3.0,120.101126,30.307385
3.0,120.118168,30.308392
3.0,120.105995,30.306433
3.0,120.09631,30.295257
3.0,120.107327,30.30719
3.0,120.094521,30.297861
3.0,120.100608,30.311335
3.0,120.120311,30.306935
4.0,120.121525,30.306092
6.0,120.201122,30.343973
3.0,120.20427,30.340903
6.0,120.184282,30.335296
3.0,120.187408,30.344641
3.0,120.187531,30.34236
3.0,120.196725,30.329096
3.0,120.184929,30.33748
3.0,120.20066,30.322953
3.0,120.205623,30.343994
2.0,120.207703,30.340561
3.0,120.187323,30.337521
5.0,120.198642,30.327107
5.0,120.200151,30.325067
3.0,120.184122,30.34177
3.0,120.207584,30.343818
5.0,120.205584,30.338797
3.0,120.182929,30.337183
3.0,120.204008,30.337357
3.0,120.203672,30.335906
3.0,120.176599,30.265937
3.0,120.174324,30.266205
6.0,120.172093,30.267779
3.0,120.177367,30.268272
3.0,120.178598,30.268928
3.0,120.16648,30.272213
3.0,120.168907,30.27111
3.0,120.170874,30.271722
3.0,120.170443,30.265219
3.0,120.169916,30.265896
5.0,120.169324,30.265544
3.0,120.170188,30.267645
3.0,120.168735,30.268472
6.0,120.169824,30.265768
6.0,120.169756,30.268583
3.0,120.168395,30.26751
3.0,120.16565,30.265504
3.0,120.166715,30.266136
3.0,120.167472,30.266312
3.0,120.166855,30.266896
3.0,120.172343,30.272676
3.0,120.176335,30.27344
5.0,120.171629,30.271066
3.0,120.176464,30.271223
3.0,120.177983,30.272073
2.0,120.124622,30.345442
5.0,120.113244,30.338036
3.0,120.12536,30.340706
3.0,120.116489,30.332177
3.0,120.128661,30.348791
3.0,120.12202,30.345334
3.0,120.12197,30.3405
3.0,120.117464,30.34033
3.0,120.128255,30.340274
3.0,120.12167,30.34722
3.0,120.125712,30.338024
3.0,120.12439,30.332787
3.0,120.119,30.33224
3.0,120.1192,30.33221
3.0,120.121548,30.332649
5.0,120.174585,30.270002
3.0,120.158904,30.262174
3.0,120.157433,30.26355
3.0,120.158574,30.271687
3.0,120.157914,30.272112
3.0,120.15993,30.26557
3.0,120.15999,30.2655
3.0,120.15993,30.26554
3.0,120.16133,30.263971
3.0,120.161281,30.262752
3.0,120.156333,30.271656
5.0,120.161419,30.265912
4.0,120.157814,30.269112
3.0,120.157292,30.268684
3.0,120.165943,30.269231
3.0,120.16007,30.26748
3.0,120.16,30.26742
3.0,120.161747,30.26308
3.0,120.159611,30.267579
2.0,120.156422,30.269877
3.0,120.157698,30.267442
3.0,120.161298,30.265104
5.0,120.149334,30.273252
3.0,120.156359,30.269347
3.0,120.159628,30.26677
3.0,120.161058,30.261704
5.0,120.160631,30.269251
3.0,120.153654,30.271062
3.0,120.157507,30.277965
3.0,120.158549,30.269128
3.0,120.133775,30.299668
5.0,120.13943,30.299957
3.0,120.142579,30.299631
3.0,120.14384,30.29425
3.0,120.1436,30.2948
3.0,120.1436,30.2942
3.0,120.14388,30.2942
3.0,120.14384,30.29423
3.0,120.14386,30.29424
3.0,120.14386,30.29427
3.0,120.14384,30.29429
3.0,120.14381,30.29428
3.0,120.140742,30.296632
3.0,120.136662,30.295777
3.0,120.139787,30.297873
3.0,120.142114,30.296595
5.0,120.143265,30.296566
3.0,120.13688,30.299496
3.0,120.143982,30.29697
3.0,120.147252,30.290477
5.0,120.138008,30.297001
3.0,120.149005,30.292703
3.0,120.143005,30.293202
3.0,120.145753,30.2902
3.0,120.141394,30.300621
5.0,120.127475,30.294806
3.0,120.143912,30.293731
3.0,120.14716,30.292921
3.0,120.169699,30.260115
3.0,120.166845,30.261051
5.0,120.168937,30.261918
3.0,120.164166,30.26282
3.0,120.1696,30.26403
6.0,120.168621,30.263479
3.0,120.172734,30.259309
3.0,120.168986,30.259216
3.0,120.172188,30.262618
3.0,120.164607,30.2634
3.0,120.168312,30.261262
3.0,120.167627,30.25974
3.0,120.168575,30.260937
2.0,120.17072,30.262916
3.0,120.166505,30.260579
3.0,120.167802,30.26277
3.0,120.170152,30.261385
3.0,120.168035,30.263435
3.0,120.165811,30.263926
3.0,120.164952,30.263637
6.0,120.167569,30.265791
3.0,120.191084,30.252062
3.0,120.197447,30.253274
3.0,120.190023,30.253916
3.0,120.191606,30.256791
3.0,120.194162,30.248672
3.0,120.199993,30.253001
3.0,120.189287,30.252889
3.0,120.196138,30.254032
3.0,120.189418,30.254795
6.0,120.201788,30.254158
3.0,120.195117,30.252296
3.0,120.194141,30.255821
3.0,120.195831,30.25608
3.0,120.192508,30.251341
3.0,120.192119,30.248343
3.0,120.188983,30.251538
6.0,120.193675,30.251859
3.0,120.193256,30.251355
3.0,120.192882,30.249996
3.0,120.206337,30.255932
5.0,120.197584,30.25166
5.0,120.197126,30.250619
3.0,120.223977,30.304729
3.0,120.222683,30.289711
6.0,120.20712,30.299231
3.0,120.224337,30.295591
5.0,120.22368,30.288685
3.0,120.224599,30.289143
3.0,120.218393,30.303727
3.0,120.226544,30.286408
3.0,120.225932,30.292304
3.0,120.215668,30.30307
3.0,120.218655,30.299652
3.0,120.223892,30.282014
3.0,120.228258,30.29516
4.0,120.230336,30.298499
3.0,120.17622,30.245038
5.0,120.17485,30.245221
5.0,120.174595,30.239585
3.0,120.17526,30.246936
5.0,120.176181,30.246815
6.0,120.175253,30.241514
3.0,120.173882,30.241645
3.0,120.182488,30.243749
5.0,120.179143,30.2409
3.0,120.17436,30.246297
5.0,120.159399,30.207224
3.0,120.165617,30.210659
3.0,120.172483,30.213025
3.0,120.15406,30.20432
3.0,120.171818,30.210321
3.0,120.170938,30.2155
3.0,120.157772,30.206375
3.0,120.167733,30.20926
3.0,120.170453,30.211867
5.0,120.159135,30.20472
3.0,120.161886,30.210828
3.0,120.148725,30.204434
3.0,120.16198,30.208478
3.0,120.161067,30.20559
5.0,120.172756,30.214732
3.0,120.155947,30.205268
3.0,120.157055,30.208131
3.0,120.17362,30.22986
5.0,120.176093,30.234433
3.0,120.17163,30.23871
5.0,120.17164,30.23872
5.0,120.17165,30.23877
5.0,120.171171,30.228832
3.0,120.171676,30.233854
3.0,120.169172,30.236432
3.0,120.171834,30.232871
3.0,120.17135,30.23282
5.0,120.175291,30.23058
3.0,120.167623,30.235859
3.0,120.170605,30.234766
3.0,120.169589,30.234557
3.0,120.173493,30.232203
3.0,120.17237,30.236195
5.0,120.175081,30.232527
5.0,120.173445,30.233871
5.0,120.101159,30.239751
3.0,120.176603,30.234995
3.0,120.17651,30.237945
2.0,120.17188,30.232183
5.0,120.170763,30.235849
5.0,120.169191,30.235382
3.0,120.172342,30.233135
3.0,120.17035,30.23533
3.0,120.173832,30.224322
3.0,120.175739,30.239286
2.0,120.175176,30.235304
2.0,120.168944,30.232901
3.0,120.174755,30.235134
3.0,120.176106,30.236377
3.0,120.212095,30.269429
3.0,120.22101,30.278145
3.0,120.21052,30.26881
5.0,120.21054,30.26884
3.0,120.204185,30.269869
3.0,120.2151,30.26855
3.0,120.2153,30.26852
3.0,120.209154,30.272251
5.0,120.219109,30.279075
3.0,120.21063,30.26873
3.0,120.20283,30.26804
3.0,120.20289,30.26806
3.0,120.206775,30.272192
3.0,120.205329,30.268784
3.0,120.202718,30.266603
3.0,120.216246,30.272689
3.0,120.206933,30.268522
2.0,120.192774,30.237682
5.0,120.205953,30.231086
3.0,120.205278,30.232992
3.0,120.203147,30.234731
6.0,120.201602,30.237025
5.0,120.200029,30.234861
3.0,120.19814,30.238449
5.0,120.200575,30.235517
3.0,120.201394,30.234819
3.0,120.205076,30.23177
3.0,120.187333,30.231642
3.0,120.205705,30.234227
3.0,120.191767,30.232371
3.0,120.197668,30.235111
3.0,120.202942,30.233168
3.0,120.200493,30.233567
5.0,120.202937,30.23665
2.0,120.202225,30.235623
3.0,120.193396,30.236779
3.0,120.196792,30.239897
3.0,120.199022,30.236013
3.0,120.194169,30.235354
3.0,120.207069,30.232639
5.0,120.19878,30.23652
3.0,120.19879,30.23656
3.0,120.19872,30.23656
3.0,120.201324,30.230624
3.0,120.199737,30.230459
3.0,120.205247,30.234843
3.0,120.199635,30.237346
3.0,120.2688,30.31121
3.0,120.2686,30.31125
3.0,120.277564,30.30451
3.0,120.26739,30.30921
3.0,120.303049,30.301167
3.0,120.305823,30.300677
3.0,120.272785,30.30791
3.0,120.278461,30.307633
3.0,120.280707,30.307828
3.0,120.273063,30.304546
3.0,120.285125,30.304019
3.0,120.27245,30.29682
3.0,120.27243,30.29689
5.0,120.257184,30.319997
3.0,120.286927,30.304247
3.0,120.268536,30.309295
3.0,120.269883,30.326234
3.0,120.272684,30.297649
3.0,120.2833,30.313691
3.0,120.261267,30.318266
3.0,120.280686,30.303159
3.0,120.285899,30.298592
3.0,120.259862,30.322298
3.0,120.244927,30.307498
3.0,120.241932,30.306899
3.0,120.244518,30.311562
3.0,120.277601,30.296073
3.0,120.247282,30.312232
3.0,120.284564,30.296545
6.0,120.193145,30.262989
5.0,120.199745,30.261391
3.0,120.191002,30.260512
6.0,120.197762,30.258212
3.0,120.196965,30.26184
3.0,120.194008,30.26151
5.0,120.199467,30.262816
3.0,120.190903,30.262124
3.0,120.192869,30.262257
5.0,120.199344,30.25956
3.0,120.193637,30.259062
3.0,120.197824,30.259166
5.0,120.208631,30.237472
5.0,120.206225,30.240299
5.0,120.207811,30.238776
3.0,120.220203,30.251248
6.0,120.21656,30.25315
3.0,120.21654,30.25314
3.0,120.213449,30.259779
3.0,120.214156,30.259719
3.0,120.213765,30.257937
3.0,120.22458,30.255446
3.0,120.232818,30.269348
3.0,120.229743,30.272593
5.0,120.23442,30.2695
3.0,120.290217,30.346407
3.0,120.291216,30.354776
3.0,120.289297,30.354519
3.0,120.287281,30.334341
3.0,120.289344,30.345887
3.0,120.297185,30.366807
5.0,120.297371,30.368328
3.0,120.303219,30.36286
3.0,120.292797,30.333361
3.0,120.281297,30.346197
5.0,120.265181,30.302301
3.0,120.248684,30.298603
3.0,120.24753,30.302088
3.0,120.248974,30.298744
3.0,120.245577,30.301381
3.0,120.23819,30.300585
5.0,120.17178,30.242124
3.0,120.167499,30.242567
5.0,120.171512,30.242019
5.0,120.167041,30.243115
3.0,120.167402,30.242548
6.0,120.16659,30.240937
5.0,120.172443,30.240081
3.0,120.169725,30.242103
3.0,120.170085,30.244576
3.0,120.170463,30.240996
5.0,120.163178,30.245471
3.0,120.167061,30.243931
2.0,120.160002,30.237844
3.0,120.168465,30.24118
3.0,120.159451,30.23815
3.0,120.161003,30.2414
3.0,120.160143,30.242452
3.0,120.160173,30.239033
3.0,120.160375,30.238803
3.0,120.160347,30.237969
3.0,120.159054,30.236691
5.0,120.163921,30.245036
6.0,120.175677,30.248804
3.0,120.174,30.24923
3.0,120.17404,30.24929
5.0,120.17407,30.24926
4.0,120.175304,30.247809
3.0,120.17379,30.250646
5.0,120.174516,30.247752
3.0,120.177367,30.255745
3.0,120.17638,30.24699
3.0,120.17254,30.25336
3.0,120.173971,30.254519
3.0,120.178189,30.25372
3.0,120.17675,30.247959
5.0,120.176875,30.254002
3.0,120.175322,30.253721
2.0,120.178139,30.252341
2.0,120.173442,30.252466
3.0,120.176954,30.255946
3.0,120.173174,30.256646
3.0,120.175402,30.247046
3.0,120.175215,30.256608
3.0,120.173948,30.256293
3.0,120.175966,30.253303
5.0,120.172598,30.257294
5.0,120.178725,30.251937
5.0,120.178972,30.254944
2.0,120.175412,30.248182
3.0,120.201336,30.240854
3.0,120.200361,30.243652
5.0,120.199868,30.24203
5.0,120.203871,30.243042
5.0,120.203315,30.244219
3.0,120.192754,30.243262
5.0,120.20493,30.24
3.0,120.18914,30.24747
3.0,120.195151,30.24272
3.0,120.201274,30.243021
2.0,120.193655,30.243286
3.0,120.187297,30.245218
3.0,120.189911,30.243717
3.0,120.19131,30.244053
3.0,120.195188,30.245101
3.0,120.191934,30.242704
5.0,120.188698,30.244161
3.0,120.187185,30.23661
3.0,120.1849,30.234728
3.0,120.185354,30.236897
4.0,120.182115,30.232689
3.0,120.168658,30.224857
3.0,120.169472,30.223099
5.0,120.24516,30.40486
5.0,120.244618,30.387687
5.0,120.259366,30.380337
3.0,120.253702,30.38944
3.0,120.263677,30.398664
3.0,120.260144,30.399747
3.0,120.268148,30.397231
3.0,120.269534,30.401452
3.0,120.257179,30.393226
3.0,120.247497,30.380559
3.0,120.253136,30.394214
3.0,120.244165,30.377447
3.0,120.261612,30.395666
3.0,120.250205,30.381835
3.0,120.250998,30.376424
3.0,120.246723,30.387434
3.0,120.250316,30.379886
5.0,120.263184,30.384598
3.0,120.256576,30.398429
3.0,120.245763,30.381602
3.0,120.267633,30.396144
3.0,120.26143,30.39798
2.0,120.254791,30.394817
3.0,120.25342,30.392431
3.0,120.242496,30.386485
3.0,120.251025,30.396186
3.0,120.254067,30.397831
3.0,120.265482,30.39484
3.0,120.240907,30.388489
5.0,120.173915,30.224637
3.0,120.174559,30.222277
3.0,120.17689,30.232576
3.0,120.175605,30.225206
6.0,120.175598,30.223842
3.0,120.172753,30.224796
3.0,120.176337,30.221448
3.0,120.177094,30.222443
3.0,120.175332,30.22005
3.0,120.177177,30.22783
3.0,120.1209,30.2905
3.0,120.1204,30.29
3.0,120.1206,30.2901
3.0,120.1205,30.2908
3.0,120.1205,30.2901
3.0,120.124411,30.28118
3.0,120.126756,30.289806
3.0,120.121474,30.292725
3.0,120.086134,30.253104
3.0,120.128002,30.292046
3.0,120.127,30.2858
3.0,120.1279,30.2857
3.0,120.123586,30.29306
3.0,120.12782,30.2911
3.0,120.12748,30.27852
3.0,120.12056,30.27584
3.0,120.12129,30.27414
3.0,120.111927,30.275003
3.0,120.118975,30.27444
3.0,120.114749,30.274016
3.0,120.118696,30.276739
3.0,120.121879,30.27299
3.0,120.128924,30.273882
5.0,120.114272,30.270583
3.0,120.111285,30.273967
3.0,120.115958,30.269855
3.0,120.11654,30.270611
3.0,120.125012,30.275568
3.0,120.124935,30.273705
6.0,120.128191,30.272691
3.0,120.121768,30.27324
3.0,120.13483,30.26764
3.0,120.13485,30.26762
3.0,120.13481,30.26765
3.0,120.13484,30.2676
3.0,120.1348,30.26769
5.0,120.13481,30.26769
3.0,120.13485,30.26769
3.0,120.13486,30.26765
3.0,120.127076,30.269527
3.0,120.146689,30.271635
5.0,120.114222,30.272518
3.0,120.131678,30.270905
3.0,120.13159,30.25592
5.0,120.14397,30.2714
3.0,120.145261,30.268606
3.0,120.145567,30.269939
3.0,120.129034,30.259332
3.0,120.130435,30.2551
3.0,120.142837,30.270241
3.0,120.149437,30.265501
3.0,120.145546,30.264604
3.0,120.141797,30.269251
3.0,120.128701,30.254981
3.0,120.15458,30.2714
3.0,120.14752,30.268079
3.0,120.129195,30.26275
3.0,120.150812,30.270795
3.0,120.149654,30.269264
3.0,120.14902,30.26735
3.0,120.14775,30.26979
3.0,120.14771,30.26979
3.0,120.15156,30.26824
3.0,120.138192,30.26924
3.0,120.152004,30.269924
5.0,120.148119,30.264094
3.0,120.129192,30.265502
3.0,120.149285,30.263192
3.0,120.117471,30.276856
3.0,120.111974,30.276599
3.0,120.113085,30.291176
3.0,120.155266,30.36676
3.0,120.111834,30.290613
3.0,120.109029,30.290096
3.0,120.118057,30.280837
3.0,120.114747,30.281576
3.0,120.116893,30.281372
3.0,120.115562,30.278395
3.0,120.115838,30.277029
3.0,120.110865,30.279808
3.0,120.113736,30.280414
3.0,120.097238,30.269476
5.0,120.116405,30.278096
3.0,120.113414,30.276537
3.0,120.115837,30.285223
3.0,120.115632,30.283357
3.0,120.114279,30.281013
3.0,120.118023,30.285918
3.0,120.134242,30.275009
3.0,120.134474,30.274828
3.0,120.13326,30.27803
3.0,120.13329,30.27809
5.0,120.13325,30.27805
3.0,120.13324,30.27802
3.0,120.131892,30.278118
3.0,120.137558,30.273256
3.0,120.042043,30.239311
1.0,120.042177,30.218846
3.0,120.135211,30.291542
3.0,120.141231,30.292706
5.0,120.137769,30.284025
3.0,120.1429,30.2832
5.0,120.1423,30.283
3.0,120.1424,30.2832
3.0,120.1429,30.2836
5.0,120.143256,30.291625
3.0,120.142735,30.286469
3.0,120.142696,30.2918
3.0,120.142582,30.270683
3.0,120.14327,30.28891
3.0,120.13385,30.289781
3.0,120.142199,30.288257
3.0,120.135869,30.285709
3.0,120.14005,30.29014
3.0,120.138248,30.289899
3.0,120.141089,30.290882
3.0,120.134743,30.28438
3.0,120.144485,30.285002
3.0,120.146748,30.284761
3.0,120.131962,30.286358
3.0,120.139887,30.284234
3.0,120.141152,30.283589
3.0,120.14826,30.282957
3.0,120.142667,30.283833
3.0,120.148025,30.282276
3.0,120.133238,30.287637
3.0,120.142682,30.290683
3.0,120.129853,30.28703
3.0,120.140333,30.278283
3.0,120.137725,30.28186
3.0,120.132975,30.282223
3.0,120.136894,30.281991
3.0,120.138308,30.280346
3.0,120.129322,30.292756
3.0,120.136494,30.292081
3.0,120.133455,30.288865
3.0,120.12897,30.29279
3.0,120.143681,30.284374
3.0,120.145876,30.283174
3.0,120.139308,30.280346
3.0,120.13085,30.285408
3.0,120.14755,30.27727
3.0,120.143043,30.277157
3.0,120.148464,30.279208
5.0,120.148062,30.277624
3.0,120.148828,30.276079
3.0,120.148571,30.280579
5.0,120.153513,30.272896
3.0,120.148936,30.273401
3.0,120.146988,30.272772
3.0,120.14708,30.276953
3.0,120.145991,30.276817
3.0,120.151362,30.27391
3.0,120.14739,30.273416
3.0,120.152004,30.273553
3.0,120.146966,30.275723
3.0,120.143986,30.276028
5.0,120.15018,30.27387
3.0,120.14749,30.2745
3.0,120.147279,30.27535
3.0,120.147614,30.277449
3.0,120.14734,30.27745
3.0,120.10549,30.263463
3.0,120.10188,30.275188
3.0,120.100197,30.276418
3.0,120.098864,30.278104
3.0,120.102029,30.276746
3.0,120.099731,30.277106
3.0,120.102796,30.279311
3.0,120.019,30.27622
3.0,120.10662,30.274396
3.0,120.095826,30.273924
3.0,120.11008,30.275131
3.0,120.101221,30.279552
3.0,120.100806,30.280839
3.0,120.112436,30.277642
3.0,120.106299,30.272187
1.0,120.099559,30.276391
3.0,120.100346,30.275013
5.0,120.106971,30.269242
3.0,120.104363,30.26843
3.0,120.107883,30.277401
3.0,120.095699,30.274833
3.0,120.10291,30.269785
3.0,120.108591,30.270883
3.0,120.108673,30.273896
3.0,120.108973,30.274995
3.0,120.106053,30.273114
3.0,120.106872,30.278941
3.0,120.095086,30.268762
3.0,120.092533,30.27122
3.0,120.097092,30.27986
3.0,120.09234,30.279696
3.0,120.091543,30.278338
3.0,120.099022,30.282083
3.0,120.106178,30.287947
3.0,120.106509,30.290941
5.0,120.100029,30.291157
3.0,120.103866,30.288511
3.0,120.106153,30.283462
6.0,120.105733,30.285442
3.0,120.100048,30.291735
3.0,120.10491,30.290605
3.0,120.106455,30.282388
3.0,120.100002,30.286738
3.0,120.09213,30.287411
3.0,120.100387,30.282929
3.0,120.102115,30.285397
3.0,120.094539,30.288243
3.0,120.096149,30.287672
3.0,120.093975,30.287717
3.0,120.102811,30.283011
3.0,120.097307,30.285288
3.0,120.102396,30.287771
3.0,120.099906,30.290404
3.0,120.096777,30.288603
3.0,120.09836,30.290467
3.0,120.105502,30.288957
3.0,120.09336,30.288307
3.0,120.094374,30.283753
3.0,120.102255,30.289423
5.0,120.091102,30.291398
3.0,120.089832,30.283913
3.0,119.997018,30.220173
3.0,120.03322,30.21721
3.0,120.006447,30.209179
3.0,120.012772,30.212622
3.0,120.032716,30.217147
3.0,120.01384,30.218785
3.0,120.067906,30.281605
3.0,120.056587,30.240283
5.0,120.05854,30.241925
3.0,120.049105,30.243044
5.0,120.05358,30.28023
3.0,120.054537,30.245867
3.0,120.05306,30.241652
5.0,120.089333,30.255964
3.0,120.05211,30.246333
4.0,120.053889,30.238002
2.0,120.058595,30.279946
3.0,120.044201,30.280142
6.0,120.044221,30.278455
3.0,120.037298,30.267027
3.0,120.055164,30.244703
3.0,120.061588,30.232239
3.0,120.037685,30.270347
3.0,120.10889,30.319107
6.0,120.059369,30.288994
3.0,120.042103,30.265452
3.0,120.033101,30.282139
6.0,120.06498,30.237856
3.0,120.041722,30.2705
5.0,120.056928,30.25309
3.0,120.056693,30.290156
3.0,120.064105,30.291043
3.0,120.042938,30.268006
3.0,120.054483,30.291703
3.0,120.059382,30.298418
3.0,120.063527,30.298443
3.0,120.036575,30.277593
3.0,120.077607,30.292717
3.0,120.080812,30.287854
3.0,120.082162,30.291116
2.0,120.059655,30.248931
3.0,120.144256,30.277939
3.0,120.147392,30.280431
3.0,120.144943,30.283366
5.0,120.144175,30.283241
3.0,120.058876,30.248026
3.0,120.144523,30.282794
3.0,120.145649,30.282882
3.0,120.14695,30.280018
3.0,120.144353,30.28315
6.0,120.142456,30.281593
3.0,120.14475,30.28333
3.0,120.144215,30.279528
3.0,120.143584,30.279628
5.0,120.142782,30.282629
5.0,120.118589,30.186889
3.0,120.075685,30.17216
6.0,120.10957,30.181555
3.0,120.094287,30.165933
3.0,120.09668,30.160301
3.0,120.072542,30.174434
3.0,120.096513,30.163945
1.0,120.102394,30.177392
3.0,120.074456,30.173164
